query,publishedAt,duration_min,title,channelTitle,url,description
тцк,2025-11-16T23:18:03Z,0.47,УКРАИНА И ОХОТА НА ТЦК,Виталий Полезный,https://www.youtube.com/watch?v=Hv3jGlqZckY,
тцк,2025-11-16T21:00:30Z,0.27,Нові відчуття😍Щаслива відстрочка                     #адвокат #тцк #бусифікація #відстрочка #бронь,Ihor Herasymenko,https://www.youtube.com/watch?v=BwTgO1Oc2pE,
тцк,2025-11-16T20:28:24Z,0.97,#тцк #новини,Посилання на повне відео в описі профілю,https://www.youtube.com/watch?v=RIo7OB2qDUQ,
тцк,2025-11-16T20:27:27Z,0.97,#тцк #новини,Посилання на повне відео в описі профілю,https://www.youtube.com/watch?v=N63cnlOr1f0,
тцк,2025-11-16T20:24:48Z,0.32,Військовий СЗЧ кинув гранату в поліцейських та працівників ТЦК на Львівщині,𝗔𝗡𝗗𝗥𝗜𝗜 𝗢𝗦𝗧𝗔𝗡𝗗,https://www.youtube.com/watch?v=mXQe-RflpoI,
тцк,2025-11-16T20:02:46Z,0.18,МОБИЛИЗАЦИЯ ТЦК,Getlow,https://www.youtube.com/watch?v=1sOb0u684rA,"ПОСТАВЬТЕ ЛАЙК И ПОДПИШИТЕСЬ, Я НА ЭТО ПОТРАТИЛ 21 ЕВРО."
тцк,2025-11-16T19:07:42Z,0.42,#trend #viralvideo #тцк #покровск #ukraine #топ,триган- д,https://www.youtube.com/watch?v=e01Coh5cghw,
тцк,2025-11-16T19:00:24Z,1.13,Нарезка Yurchek - Сбежал от ТЦК №3,Хефорде (Хед),https://www.youtube.com/watch?v=mctkHsJ-P2M,"История начинается с того, что ТЦКшник на вертолёте летит проверять деревню. Юра тем временем заезжает в бар, ..."
тцк,2025-11-16T19:00:48Z,0.18,ТЦК vs Поліція: Хто має владу?,Legal Land,https://www.youtube.com/watch?v=nqXHxXzN9K4,"тцк, поліція, незаконне затримання, право на зйомку, розшук ухилянтів, незаконна мобілізація 1 факт = 1 норма: Гідність ..."
тцк,2025-11-16T18:56:35Z,0.37,Нарезка Yurchek - Сбежал от ТЦК №1,Хефорде (Хед),https://www.youtube.com/watch?v=QwGW4-Xvd9k,"Юрчик спокойно ехал в бар, даже не подозревая, что ТЦКшник уже вылетел на вертолёте патрулировать деревню. В баре ..."
тцк,2025-11-16T18:22:27Z,3.7,Почти сбежал от ТЦК! - Приключения Yurcheka #2,Хефорде (Хед),https://www.youtube.com/watch?v=FiIlZcwsjkQ,Оставлять коментарии могут только подписчики! ;) Актёр 1 - @Makar-bu6rx Актёр 2 - @Yurchek_horoshy ТЦКшник ...
тцк,2025-11-16T18:06:33Z,1.2,Суд и ТЦК,Адвокат Олег Лукьянчиков,https://www.youtube.com/watch?v=Dcpt9aQKIos,Суд и ТЦК. ☎️0️⃣6️⃣6️⃣5️⃣5️⃣5️⃣1️⃣0️⃣2️⃣0️⃣   консультация адвоката. #лукьянчиков ...
тцк,2025-11-16T18:01:15Z,10.32,Соц Опрос: ТЦК на Улицах Украины,Vladys Vox,https://www.youtube.com/watch?v=0NjXC3YXdbE,
тцк,2025-11-16T17:58:31Z,0.33,Речник полтавського ТЦК про бодікамери. Мобілізація в Україні.,Нарізайко,https://www.youtube.com/watch?v=huC2EgDSmcM,Речник полтавського ТЦК про те чи потрібні їм бодікамери під час проведення мобілізації. Мобілізація в Україні під час війни ...
тцк,2025-11-16T17:57:44Z,4.27,Львівське ТЦК хотіли мене мобілізувати.,Dnepr Kremea,https://www.youtube.com/watch?v=ssep_rjl3eE,Беспредел Львівського ТЦК з поліцією 13.11.2025.
тцк,2025-11-16T17:46:37Z,0.65,Якщо ви не знали #меми #політикаукраїни #мемиукраїнською #ухилянти #поліція #тцк #україна #сміх,Re:Imagine,https://www.youtube.com/watch?v=c93B4-mdARk,
тцк,2025-11-16T17:01:08Z,0.25,Підпишись! Щоб зупинити ТЦК! #тцк #корупція #корупціявукраїні #новини #війна #україна #мобілізація,Ухилянт Жора ,https://www.youtube.com/watch?v=ePAjjz3Un0U,
тцк,2025-11-16T16:37:17Z,0.13,Два ТЦК-шніка в аптеці😅,Shostka Smartcity,https://www.youtube.com/watch?v=SQ08MezyfpY,
тцк,2025-11-16T16:27:20Z,6.12,Самвел Адамян/🎭ДНЕПРОВСКИЙ «ФУРОР» САМВЕЛА! ГАСТРОЛИ В КИЕВЕ! ТЦК ЗАБИРАЮТ РАБОТНИКОВ ТЕАТРА!,Tasty with OK,https://www.youtube.com/watch?v=7ZwtpsLqyIg,Самвел Адамян / ДНЕПРОВСКИЙ «ФУРОР» САМВЕЛА! ГАСТРОЛИ В КИЕВЕ! ТЦК ЗАБИРАЮТ РАБОТНИКОВ ТЕАТРА!
тцк,2025-11-16T16:23:34Z,0.08,⚠️ Мобілізація: Плани не виконуються — Полтавський ТЦК,OXI NEWS,https://www.youtube.com/watch?v=yog0SzyxZQA,"Спікер Полтавського об'єднаного територіального центру комплектування Істомін повідомив, що плани мобілізації наразі ..."
тцк,2025-11-16T16:10:37Z,0.27,Послуга від ТЦК для киян. відстрочка на 1 годину за 1000 грн.#тцк #політикаукраїни #юмор,POLUPRAVDA ,https://www.youtube.com/watch?v=ePMwmKgcwSQ,
тцк,2025-11-16T15:15:42Z,9.5,НОВЫЙ МАЙДАН И О ЧЕМ ГОВОРИТ КОЛОМОЙСКИЙ...НЕ ПРО ТЦК.,Алексей Сидоров мнение.,https://www.youtube.com/watch?v=zlgRRvkLWWk,НОВЫЙ МАЙДАН И О ЧЕМ ГОВОРИТ КОЛОМОЙСКИЙ...
тцк,2025-11-16T15:13:05Z,5.95,🔥ОПИТУВАННЯ УКРАЇНЦІВ: Чи підтримуєте ви дії ТЦК?,ВІДВЕРТО LIVE,https://www.youtube.com/watch?v=895SmSRlUM8,"Дії ТЦК, м'яко кажучи, викликають питання. Ми запитали українців, що вони про це думають. КАНАЛ ВІДВЕРТО LIVE ..."
тцк,2025-11-16T15:05:26Z,1.07,ВПО и ТЦК,Адвокат Олег Лукьянчиков,https://www.youtube.com/watch?v=zyCUiWMa5Ac,ВПО и ТЦК. ☎️0️⃣6️⃣6️⃣5️⃣5️⃣5️⃣1️⃣0️⃣2️⃣0️⃣   консультация адвоката. #лукьянчиков ...
тцк,2025-11-16T15:05:27Z,1.68,ТЦК: закон или желание начальника? ☎️0️⃣6️⃣6️⃣5️⃣5️⃣5️⃣1️⃣0️⃣2️⃣0️⃣👈 консультация адвоката,Адвокат Олег Лукьянчиков,https://www.youtube.com/watch?v=FauZrxYhFTU,ТЦК: закон или желание начальника? ☎️0️⃣6️⃣6️⃣5️⃣5️⃣5️⃣1️⃣0️⃣2️⃣0️⃣   консультация адвоката.
тцк,2025-11-16T15:05:27Z,1.2,Штраф ТЦК: обжаловать бесплатно,Адвокат Олег Лукьянчиков,https://www.youtube.com/watch?v=y6HvJpF0ul8,Штраф ТЦК: обжаловать бесплатно. ☎️0️⃣6️⃣6️⃣5️⃣5️⃣5️⃣1️⃣0️⃣2️⃣0️⃣   консультация адвоката.
тцк,2025-11-16T14:54:56Z,0.9,#тцк #новини,Посилання на повне відео в описі профілю,https://www.youtube.com/watch?v=wxs-yrcd4fI,
тцк,2025-11-16T14:53:59Z,1.02,"В ТЦК служать ті, хто знає війну не з новин.",Закарпатський ОТЦК та СП,https://www.youtube.com/watch?v=r9GRYEorNZ0,"В ТЦК служать ті, хто знає війну не з новин. Тут воїни, які пройшли передову, втрати, холод і страх -і не зламалися. У цьому ..."
тцк,2025-11-16T14:54:07Z,1.42,#тцк #новини,Посилання на повне відео в описі профілю,https://www.youtube.com/watch?v=LooNLeqn4Pw,
тцк,2025-11-16T14:22:26Z,0.25,"ПОКРОВСЬК, ТРИМАЄМ ОБОРОНУ! #зсу #новини #мобілізація #тсн #тцк",НОВИННИЙ РАДАР. НОВИНИ УКРАЇНИ ТА СВІТУ,https://www.youtube.com/watch?v=AK3BdVCvGaM,БІЛЬШЕ ІНФОРМАЦІЇ В НАШОМУ ТЕЛЕГРАМ-КАНАЛІ. ПІДТРИМАЙТЕ ПІДПИСКОЮ.
тцк,2025-11-16T14:00:28Z,0.28,Підпишись! Щоб зупинити ТЦК! #тцк #корупція #корупціявукраїні #новини #війна #україна #мобілізація,Ухилянт Жора ,https://www.youtube.com/watch?v=BEaHndEUUoA,
тцк,2025-11-16T14:00:15Z,0.55,❌ТЦК з УБД: Я Там Був і Тобі Потрібно На Фронт!,Пильний Дніпрянин,https://www.youtube.com/watch?v=BfNafNsvj9I,Існування в кармані посвідчення бойових дій НЕ є підставою порушувати Закон! ❌ТЦК з УБД: Я Там Був і Тобі Потрібно На ...
тцк,2025-11-16T13:56:33Z,0.72,ЧЕСТНЫЕ НОВОСТИ: ПРАВДА О КЛИМАТЕ #новости #климат #україна #зсу #рекомендации #правда #тцк #рф,LifeChangingInformation,https://www.youtube.com/watch?v=zHMSlHStiyg,Мощное землетрясение на Камчатке. АЛЛАТРА предупреждала.
тцк,2025-11-16T13:25:29Z,0.25,Набір в ТЦК #зсу #тцк #всу,Kurama,https://www.youtube.com/watch?v=RwqSLPMX2OU,
тцк,2025-11-16T13:24:08Z,8.38,"Як діяти при зустрічі з ТЦК:  рекомендації, поведінка, біг і підготовка ❗",Volya-Freedom ,https://www.youtube.com/watch?v=ot4ZkRg_4Vo,Друзі хто хоче підтримати мене і мій канал у цей важкий час - буду дуже вдячний всім !!!   Підтримка тут: ...
тцк,2025-11-16T13:00:57Z,1.13,🚨ТЦК🤝ПОЛІЦІЯ: Схема проста 👉 Звинуватили Затримали Відправили❗,Пильний Дніпрянин,https://www.youtube.com/watch?v=Wr26jqVHPKs,PoliceofDnipro ТЦК  ПОЛІЦІЯ: Схема проста Звинуватили Затримали Відправили❗ ...
тцк,2025-11-16T13:01:23Z,9.07,‼️Казаров: ТЦК продовжує красти людей,Президент КАЗАРОВ,https://www.youtube.com/watch?v=mnmFB-_Eiu0,"Максим Казаров - політик, журналіст, медіаексперт Лідер суспільно-політичного руху ""Велична Україна"" Співпраця, ..."
тцк,2025-11-16T13:00:22Z,0.38,ТЦК І ПОЛІЦІЯ: ЧОМУ МЕНЕ ТРИМАЮТЬ?!,Legal Land,https://www.youtube.com/watch?v=5VShhNDWTUY,"тцк, поліція, незаконне затримання, право на зйомку, розшук ухилянтів, незаконна мобілізація 1 факт = 1 норма: Законні ..."
тцк,2025-11-16T12:04:19Z,0.23,Туалет для ДЕПУТАТІВ😂#shorts #гумор #ржакадосліз #україна #sora #рекомендації #вірусне #тцк #хаха,LOLShort,https://www.youtube.com/watch?v=5qFG9LgQ16U,У парламент завезли нові біо туалети для депутатів   #shorts #гумор #ржакадосліз #україна #sora #рекомендації #вірусне ...
тцк,2025-11-16T12:03:11Z,0.9,#успіх #знання #війнавукраїні #біженцізукраїни #славаукраїні #зсу #тцк #новиниукраїни #новинионлайн,Іванчук Сергій,https://www.youtube.com/watch?v=xmGVrHWyM4U,
тцк,2025-11-16T11:59:23Z,0.85,щоденні Напади ТЦК на цивільних Одеса чому усе сходить з рук?,примусова мобілізація заборонена!,https://www.youtube.com/watch?v=B1_7L9pxcw4,примусова мобілізація заборонена з 1966 року міжнародним гуманітарним правом Цей неперсоналізований ...
тцк,2025-11-16T11:56:56Z,4.4,Штраф ТЦК и розыск в Резерв!!! Как убрать?,Адвокат Вера Тарасенко,https://www.youtube.com/watch?v=r_XqScQPjGY,"Если в Резерв+ Вы в розыске и у Вас есть штраф ТЦК, то эту запись нужно убирать. Потому что с такой информацией Вы ..."
тцк,2025-11-16T11:34:52Z,0.25,Идеальный кандидат в ТЦК,КОНЬ ПЕДАЛЬНЫЙ,https://www.youtube.com/watch?v=QGHaElYBFSI,Мой ТК - ШО ТАМ У НАС https://t.me/wotamynas Идеальный кандидат в ТЦК #полиция #тцк #мобилизация ...
тцк беспредел,2025-11-16T11:00:26Z,1.47,Джоли рассказала про беспредел ТЦК?,Andrei Vengerov,https://www.youtube.com/watch?v=JYlnIfjGNqA,Анджелина Джоли приезжала к нам в Николаев и мужчину из её сопровождения забрали ТЦКшники. Но будет ли ...
тцк,2025-11-16T11:01:47Z,0.28,Підпишись! Щоб зупинити ТЦК! #тцк #корупція #корупціявукраїні #новини #війна #україна #мобілізація,КОРУПЦІЯ,https://www.youtube.com/watch?v=tjNp-zhZ9cw,
тцк,2025-11-16T11:00:10Z,0.13,Підпишись! Щоб зупинити ТЦК! #тцк #корупція #корупціявукраїні #новини #війна #україна #мобілізація,Ухилянт Жора ,https://www.youtube.com/watch?v=63ocHbcCED4,
тцк,2025-11-16T10:50:02Z,5.67,У ТЦК відверто ПРОКОМЕНТУВАЛИ скандали пов’язані із ЇХНЬОЮ роботою! Які МІФИ розвінчали,Подробиці,https://www.youtube.com/watch?v=ysDJ1pI6mwU,"Менше людей, які хочуть підписати контракт саме через ТЦК і більше тих, хто навіть боїться зайти всередину. Проте в ТЦК ..."
тцк,2025-11-16T10:37:09Z,1.02,"Хто, як не ми? Свідчення захисника Артема Стецького",Волинський ОТЦК та СП,https://www.youtube.com/watch?v=SvlewhAdhJU,"Це історія про справжню ціну війни і про надзвичайну мужність юнаків, які свідомо йдуть на захист країни. Детальніше у ..."
тцк,2025-11-16T10:36:07Z,1.03,#тцк #новини,Посилання на повне відео в описі профілю,https://www.youtube.com/watch?v=3OrLP7ou7jQ,
тцк,2025-11-16T10:27:32Z,1.02,“Це війна. І кожен має це усвідомити.”,Волинський ОТЦК та СП,https://www.youtube.com/watch?v=lAKfYp34fJI,"У короткому зверненні Олексій Сударєв, старший інспектор відділення рекрутингу та комплектування, ділиться особистою ..."
тцк,2025-11-16T10:12:00Z,0.47,"«ТЦК не підходять з метою, щоб на них накричали». З чого починаються конфлікти?",Зміст,https://www.youtube.com/watch?v=Y0j1DZdVCWk,
тцк,2025-11-16T10:01:13Z,0.33,ЧИ МОЖУТЬ ТЦК І ПОЛІЦІЯ ЗАТРИМАТИ МЕНЕ?!,Legal Land,https://www.youtube.com/watch?v=k_9bLc_yh8k,"тцк, поліція, незаконне затримання, право на зйомку, розшук ухилянтів, незаконна мобілізація 1 факт = 1 норма: Ст.35 ..."
тцк,2025-11-16T09:45:19Z,0.27,ТЦК забрали всіх чоловіків із села. #тцк #політикаукраїни #юмор,POLUPRAVDA ,https://www.youtube.com/watch?v=d1cZqKPO7nQ,
тцк,2025-11-16T09:05:22Z,0.18,KrokZvidty #гумор#тцк #україна,KrokZvidty,https://www.youtube.com/watch?v=TDULo7VNmsU,гумор #тцк #україна #втеча #повістка #пес.
тцк,2025-11-16T09:02:04Z,0.18,"ПОКРОВСЬК,  СЛАВА ЗАХИСНИКАМ! #зсу #новини #війна #тсн #тцк",НОВИННИЙ РАДАР. НОВИНИ УКРАЇНИ ТА СВІТУ,https://www.youtube.com/watch?v=JawXifRj7R4,БІЛЬШЕ ІНФОРМАЦІЇ В НАШОМУ ТЕЛЕГРАМ-КАНАЛІ. ПІДТРИМАЙТЕ ПІДПИСКОЮ!
тцк,2025-11-16T08:59:12Z,0.47,Херсон при украинской власти #зсу #україна #херсон #сво #тцк,Свободное мнение,https://www.youtube.com/watch?v=Z2HxS0IT8b8,
тцк,2025-11-16T08:59:42Z,9.33,ГДЕ! ЛУЧШЕ  СПРЯТАТЬСЯ от ТЦК,Skorpion,https://www.youtube.com/watch?v=4PC0RW-A9D0,"Тут я попробую россказать,где лучше спрятатьса от тцк ,И почему мужчины в украине винуждени ховатьса, здесь мы ..."
тцк,2025-11-16T08:58:34Z,0.45,Чи повинні ТЦК воювати? Якщо так то переходьте за посиланням в описі!#мобілізація #петиція #новини,Insider.UA24,https://www.youtube.com/watch?v=_qOB5DW__8c,
тцк,2025-11-16T08:52:38Z,0.15,воюємо далі? #украина #рекомендации #война #тцк #политика #зеленский #зсу #полиция #новости #тцктасп,Узаконенный абсурд ,https://www.youtube.com/watch?v=NVc0vC61DFI,
тцк,2025-11-16T08:27:48Z,0.28,#сказки городских джунглей #харьков в ролях: #тцк #полиция #ухилянти,egoisT,https://www.youtube.com/watch?v=-tp9-GNE_so,
тцк,2025-11-16T07:30:59Z,0.4,Я не стати мобілізованим через ТЦК,В гостях у Єгеря!,https://www.youtube.com/watch?v=xs8RzSMEyfc,Закрита спільнота Unfair Advantage: https://www.patreon.com/unfairadvantage777 Консультації та знижки в Прапорщику: ...
тцк,2025-11-16T07:29:09Z,0.62,Перевищення повноважень. Конфронтація ТЦК і людей,В гостях у Єгеря!,https://www.youtube.com/watch?v=n-heH4Fko2E,Закрита спільнота Unfair Advantage: https://www.patreon.com/unfairadvantage777 Консультації та знижки в Прапорщику: ...
тцк,2025-11-16T07:28:22Z,0.93,Як законно протидіяти ТЦК,В гостях у Єгеря!,https://www.youtube.com/watch?v=14oCmnW_GBE,Закрита спільнота Unfair Advantage: https://www.patreon.com/unfairadvantage777 Консультації та знижки в Прапорщику: ...
тцк,2025-11-16T07:00:48Z,0.4,И там и тут нет спокойствия. Владимир Белошенко 42 омбр. #війна #тцк #життя #зсу #ухилянти #война,ФРОНТСТОРИЗ,https://www.youtube.com/watch?v=xAY9d714brU,
тцк,2025-11-16T06:48:32Z,0.55,#онлайн #роботавдома #заробітоквінтернеті #бізнесукраїна #війнавукраїні2025 #славазсу #біженці #тцк,Контент Хата Сергія Іванчука,https://www.youtube.com/watch?v=BA7W3Hgryr0,
тцк,2025-11-16T06:42:20Z,0.45,#роботаонлайн #заробітоконлайн #навчанняонлайн #бізнес #фріланс #безпека #заробіток #українці #тцк,Іванчук Сергій,https://www.youtube.com/watch?v=DRfTV3a84DA,
тцк,2025-11-16T06:30:27Z,11.18,ШТУРМ ОДЕССЫ! ПРИКАЗ ВЗЯТЬ ОДЕССУ! ТЦК РАЗНОСЯТ ВСЕ! ЧТО С ОДЕССОЙ!?!,NEMO,https://www.youtube.com/watch?v=LtyRDyfKXQs,
тцк,2025-11-16T06:25:00Z,2.62,ТЦК БОЇТЬСЯ КАМЕРИ ТА ПРЯМИХ ЗАПИТАНЬ!!!,НОВИНИ УКРАЇНИ ТА СВІТУ ,https://www.youtube.com/watch?v=sn2JhxOdw1I,
тцк,2025-11-16T04:38:06Z,0.57,«Ничего необычного». Слова ТЦК про смерть мобилизованного,Свідки бусифікації,https://www.youtube.com/watch?v=eFI_lBy3WKw,
тцк,2025-11-16T02:48:10Z,0.73,4 вищих освіти vs  3 класи  Хто керує ТЦК,Олександр Красовіцький юрист ,https://www.youtube.com/watch?v=jo7ugpQC9So,"Станьте спонсором канала, и вы получите доступ к эксклюзивным бонусам. Подробнее: ..."
тцк,2025-11-16T02:46:19Z,0.83,Шокуюча правда про мобілізацію  як ТЦК підриває віру у перемогу,Олександр Красовіцький юрист ,https://www.youtube.com/watch?v=5jpTr3YCE_0,"Станьте спонсором канала, и вы получите доступ к эксклюзивным бонусам. Подробнее: ..."
тцк,2025-11-16T01:49:19Z,0.17,ТЦК: Вдалий день.,AI Industry,https://www.youtube.com/watch?v=cASZyQbjDxE,"ТЦК: Вдалий день. Двоє тцкашників сидять у машині... Абсурд, сатира і фотореалізм. Created by AI_Industry. Powered by AI."
тцк,2025-11-15T21:08:41Z,0.45,#тцк #новини,Посилання на повне відео в описі профілю,https://www.youtube.com/watch?v=EQDJRFctbPw,
тцк,2025-11-15T21:07:49Z,0.22,#тцк #новини,Посилання на повне відео в описі профілю,https://www.youtube.com/watch?v=fJvvGl-sF1Q,
тцк,2025-11-15T21:07:52Z,0.65,"Господи Иисусе, останови навсегда беззакония Зеленского, его кураторов и его ТЦК!!!",Богдан Калишенко,https://www.youtube.com/watch?v=zisPB7pTF1U,
тцк,2025-11-15T19:36:51Z,0.72,❗️ТЦК ПЕРЕДАЄ ШТРАФ У ВИКОНАВЧУ? ЦЕ НЕЗАКОННО!❗️,ПРАВОВА ПОЗИЦІЯ ,https://www.youtube.com/watch?v=-wCBlTPgbtI,Записатись на безкоштовну консультацію і отримати відповідь на Ваше питання можна за інформацією нижче: ...
тцк,2025-11-15T19:21:25Z,0.18,KrokZvidty #гумор#тцк #україна,KrokZvidty,https://www.youtube.com/watch?v=hztS0QZmpfQ,гумор #тцк #україна #втеча #пес #кіт.
тцк,2025-11-15T19:10:03Z,14.55,2 Часть похищение в ТЦК бусик Majestic RP,Lonelyy?🤡,https://www.youtube.com/watch?v=j9X_x-79xOQ,
тцк,2025-11-15T19:08:45Z,0.27,"Як в Україні заробити перший міліон під час війни #тцк #політикаукраїни #, юмор",POLUPRAVDA ,https://www.youtube.com/watch?v=olPDlgjxO5s,
тцк,2025-11-15T19:05:00Z,0.17,Веном проти ТЦК: “Я волонтер.”,AI Industry,https://www.youtube.com/watch?v=KK0QcxGCtNs,"Веном проти ТЦК: “Я волонтер.” Фотореалістична сценка: один тцкашник падає від страху, другий завмирає, а Веном ..."
тцк,2025-11-15T19:00:10Z,0.28,ПОЛІЦІЯ І ТЦК ЗУПИНИЛИ МЕНЕ! ЩО РОБИТИ?!,Legal Land,https://www.youtube.com/watch?v=41BPthJX8pk,"тцк, поліція, перевірка документів, право на зйомку, військово-облікові документи, незаконне затримання ❗️ Якщо поліція ..."
тцк,2025-11-15T18:01:10Z,0.35,ТЦК: судний день #shorts  #funny #ржакадосліз #гумор,Сміхундель,https://www.youtube.com/watch?v=ymP1ZcuVnyA,"Війна закінчилася... але не для всіх! Як виглядає ""пожиттєва волонтерська робота""? Дивіться нову пародію від ..."
тцк,2025-11-15T17:29:37Z,1.82,Кожні 2 хвилини #сзч #україна #мобілізація #тцк,Юрист-Одеса / Максим Тимурович,https://www.youtube.com/watch?v=RDlNRKRyoMQ,
тцк,2025-11-15T17:06:32Z,0.9,Пробув “поза терміном” за кордоном= кримінал - за ґрати! 😮#виїздзакордон #мобілізація #тцк,"Наказ - адвокат, податки, міграційне",https://www.youtube.com/watch?v=aUEqVlnLxV8,
тцк,2025-11-15T17:00:34Z,0.33,МЕНЕ ЗУПИНИЛИ ПОЛІЦІЯ І ТЦК: ЩО РОБИТИ?!,Legal Land,https://www.youtube.com/watch?v=I_w7y3GhKp4,"тцк, поліція, незаконне затримання, право на зйомку, розшук ухилянтів, незаконна мобілізація ❗️ Якщо поліція з ТЦК ..."
тцк,2025-11-15T16:06:17Z,0.27,не ведіться на справу міндича! #украина #корупция #корупція_інфо #зеленский #тцк #политика #война,Узаконенный абсурд ,https://www.youtube.com/watch?v=lBFKVkloyEA,
тцк,2025-11-15T16:00:20Z,0.33,Мене зупинили поліція і ТЦК: Що тут взагалі відбувається?!,Legal Land,https://www.youtube.com/watch?v=7bgH1hJUd9Q,"тцк, поліція, незаконне затримання, право на зйомку, розшук ухилянтів, незаконна мобілізація 1 факт = 1 норма: Ст. 35 п.3 ..."
тцк,2025-11-15T15:54:18Z,1.13,Нарезка Cebyb3k - Арест ТЦК №3,Хефорде (Хед),https://www.youtube.com/watch?v=VzDcYBD2_e8,"По пути в ТЦК Cebyb3k прыгает с моста, падает на нижнюю трассу и уезжает на угнанной инвалидной коляске. Макар ..."
тцк,2025-11-15T15:51:55Z,1.1,Нарезка Cebyb3k - Арест ТЦК №2,Хефорде (Хед),https://www.youtube.com/watch?v=CnZqsrQsZRE,"Макар поднимает вертолёт, находит Cebyb3k, делает точечный обстрел и десантируется прямо на него. Побег окончен ..."
тцк,2025-11-15T15:49:56Z,0.8,Нарезка Cebyb3k - Арест ТЦК №1,Хефорде (Хед),https://www.youtube.com/watch?v=ym5dhPfVg2U,"Cebyb3k заходит в бар пожаловаться на жизнь, но туда же приходит представитель ТЦК. Макар мобилизует его прямо на ..."
тцк беспредел,2025-11-15T15:40:45Z,11.28,БЕСПРЕДЕЛ ТЦК В ДНЕПРЕ !!! МИР ДО  НОВОГО ГОДА !!!,Алексей Сидоров мнение.,https://www.youtube.com/watch?v=5Ha2LvOxoSQ,БЕСПРЕДЕЛ ТЦК В ДНЕПРЕ !!! МИР ДО НОВОГО ГОДА !!!
тцк,2025-11-15T15:18:00Z,10.65,"ВІЙСЬКОВОЗОБОВЯЗАНІ, ЯК ВИ ВИЖИВАЄТЕ? | Частина 1 #бусифікація #тцк #військовийоблік", ГУСЬ ПАТРОН 🇺🇦,https://www.youtube.com/watch?v=XJTzj-EqxvQ,"бусифікація #тцк #військовийоблік ВІЙСЬКОВОЗОБОВЯЗАНІ, ЯК ВИ ВИЖИВАЄТЕ? Частина 1 Частина 2: ..."
тцк,2025-11-15T15:14:13Z,0.25,Як виграють ТЕНДЕРИ😂#shorts #гумор #вірусне #тцк #україна #ржакадосліз #рекомендації #shortvideo,LOLShort,https://www.youtube.com/watch?v=5nqbHRLcjeU,Депутат дав відповідь журналістці як насправді виграють тендери   #shorts #гумор #вірусне #тцк #україна #ржакадосліз ...
тцк,2025-11-15T15:01:18Z,5.68,💥СВАВІЛЛЯ! ТЦК+ПОЛІЦІЯ 🚷 ЛІЗУТЬ У ПРИВАТНИЙ ГАРАЖ❗Мобілізація в Україні,Пильний Дніпрянин,https://www.youtube.com/watch?v=d-lCkrLE2as,СВАВІЛЛЯ! ТЦК+ПОЛІЦІЯ ЛІЗУТЬ У ПРИВАТНИЙ ГАРАЖ❗Мобілізація в Україні https://youtu.be/d-lCkrLE2as ...
тцк беспредел,2025-11-15T14:12:45Z,10.78,Буряты с автоматом залезли в дом !!! |Массовый беспредел ТЦК !!!,Arthur [FreeMan],https://www.youtube.com/watch?v=CIfq0p1vR3w,тцк #войнавукраине #мобилизация #армия #зсу #военные Крипта : BTC-15eQcvpuaspuZwUZ1dZn8CCep2kV1WDEVP USDT ...
тцк,2025-11-15T14:08:01Z,0.5,#тцк #новини,Посилання на повне відео в описі профілю,https://www.youtube.com/watch?v=H0L4FEdPfhk,
тцк,2025-11-15T14:07:31Z,0.5,#тцк #новини,Посилання на повне відео в описі профілю,https://www.youtube.com/watch?v=_qh4pRuzbxM,
тцк,2025-11-15T14:01:46Z,0.27,Підпишись! Щоб зупинити ТЦК! #тцк #корупція #корупціявукраїні #новини #війна #україна #мобілізація,Ухилянт Жора ,https://www.youtube.com/watch?v=xlBx-1tYttE,
тцк,2025-11-15T13:47:55Z,0.17,"ТЦК на обіді, бо голодні",AI Industry,https://www.youtube.com/watch?v=t0fbvaxmtmo,"Тцкашники сидять у бусі, заповненому борщем, і кричать пацану «я забороняю мене знімати!», поки з машини ллється ..."
тцк беспредел,2025-11-15T13:17:41Z,8.02,БЕСПРЕДЕЛ ТЦК🔥ДНЕПР ВЗРЫВЫ🔥ВСЕ НА ВОЙНУ🔥,dmpro,https://www.youtube.com/watch?v=oGOwu0YuUbc,ВСЕМ ДОБРЫЙ ВЕЧЕР ХОРОШЕГО ВЕЧЕРА И НАСТРОЕНИЯ СПАСИБО ЗА ПОМОЩЬ КАРТА : 4400 0055 5351 ...
тцк,2025-11-15T13:03:09Z,0.18,#animation #зеленский #marvel #міндіч #pokemon #тцк #мобілізація,Nepojaluista,https://www.youtube.com/watch?v=-EsFIJnoxBs,
тцк,2025-11-15T13:00:29Z,0.25,Вражаюча рятувальна операція: дружина зупинила викрадення чоловіка!,Legal Land,https://www.youtube.com/watch?v=FAysxx-Buwc,"тцк, поліція, незаконне затримання, право на зйомку, розшук ухилянтів, незаконна мобілізація ❗️ Якщо ТЦК намагаються ..."
тцк,2025-11-15T13:00:30Z,0.38,⚡Івано-Франківськ ТЦК • ОБЕРЕЖНО ПІДСТАВА❗ #Shorts,Пильний Дніпрянин,https://www.youtube.com/watch?v=ALfzDWln6yI,PoliceofDnipro ⚡Івано-Франківськ ТЦК • ОБЕРЕЖНО ПІДСТАВА❗ #Shorts ...
тцк,2025-11-15T12:18:08Z,0.63,Сам побился #зсу #сво #ukraine #україна #тцк,Свободное мнение,https://www.youtube.com/watch?v=5D9hdI6U5ko,
тцк,2025-11-15T12:00:39Z,1.88,🤷🏼Дружина Начальника ТЦК БЕРЕ УЧАСТЬ У МОБІЛІЗАЦІЇ❗РЕПОСТ,Пильний Дніпрянин,https://www.youtube.com/watch?v=IBdBhzrALBk,PoliceofDnipro Дружина Начальника ТЦК БЕРЕ УЧАСТЬ У МОБІЛІЗАЦІЇ❗РЕПОСТ ...
тцк,2025-11-15T11:53:27Z,0.27,Тцк🤣🤣#тцк #прикол,Rt news,https://www.youtube.com/watch?v=VculhkxP8AA,
тцк,2025-11-15T11:48:47Z,0.1,#тцк #жиза #украина,video_нарезки,https://www.youtube.com/watch?v=wjXDt7RaMjg,
тцк,2025-11-15T11:48:07Z,3.27,Арест ТЦК! - Приключения Cebyb3k #1,Хефорде (Хед),https://www.youtube.com/watch?v=O-zTP47w4ZE,"Оставлять комментарии могут только подписчики! Cebyb3k заходит в бар, чтобы пожаловаться на жизнь, но отдых ..."
тцк,2025-11-15T11:31:21Z,12.03,Скандал в Україні! ТЦК жорстко посилить мобілізацію! Люди залишаться без вибору!,Денис Галандзовський,https://www.youtube.com/watch?v=JArcH5XcEHM,"Більше деталей про проект ""Заблукала на будові"" дивись тут: https://rebrand.ly/unabudovi ---------------------------- Безкоштовні ..."
тцк,2025-11-15T11:01:17Z,0.13,Підпишись! Щоб зупинити ТЦК! #тцк #корупція #корупціявукраїні #новини #війна #україна #мобілізація,КОРУПЦІЯ,https://www.youtube.com/watch?v=c4lk8DvGqhs,
тцк,2025-11-15T10:36:59Z,0.53,Что будет дальше с ТЦК???,Tetya_Fanya,https://www.youtube.com/watch?v=dBW5B_SbskE,Спасибо нашим спонсорам за поддержку канала!
тцк,2025-11-15T10:29:30Z,1.43,"Розшукуючи сина ,призванного Деснянським ТЦК, м. Київ 7.11.2025 року у в/ч 7400",Irina Voloshyna,https://www.youtube.com/watch?v=ymNKViWCSHI,"Як мого сина призвали в Деснянському ТКц, м.Київ."
тцк,2025-11-15T10:28:00Z,0.17,Обленерго каждый вечер. #рекомендации #украина #война #политика #зсу #новости #енергетика #киев #тцк,Узаконенный абсурд ,https://www.youtube.com/watch?v=4e9sRzbr-Yo,
тцк,2025-11-15T10:16:14Z,0.27,Як везуть машини депутатам і як на фронт.#тцк #мобілізація #юмор,POLUPRAVDA ,https://www.youtube.com/watch?v=FDDl3XLZNrM,
тцк,2025-11-15T09:53:19Z,0.43,Як правильно спілкуватись із тцк! Тцкашники! Мобілізація! #тцк #мобілізація#viral #fyp #fypシ゚viral,Нестор Махно,https://www.youtube.com/watch?v=BXo-RNO56VE,
тцк,2025-11-15T09:53:55Z,0.6,Фейкові відео про затримання працівниками ТЦК #війна #україна #military #славазсу,Зміст,https://www.youtube.com/watch?v=ip5ijv9CC8I,
тцк,2025-11-15T09:36:13Z,0.55,#тцк #новини,Посилання на повне відео в описі профілю,https://www.youtube.com/watch?v=Kd3VO8-CEYQ,
тцк,2025-11-15T09:35:32Z,0.68,#тцк #новини,Посилання на повне відео в описі профілю,https://www.youtube.com/watch?v=q1i6Dp9v4hw,
тцк,2025-11-15T09:26:22Z,0.52,На Богоявленській ТЦК затримували чоловіка,Рівне Вечірнє,https://www.youtube.com/watch?v=xcC7EhFXUQ4,Ви можете знайти нас у Facebook https://www.facebook.com/RivneVecirne Twitter https://twitter.com/rivnepost Instagram ...
тцк,2025-11-15T09:12:46Z,1.6,Оскарження штрафу ТЦК адвокатом #консультаціяадвоката #актуально #тцк #штрафи #news #київ,Адвокат Євген Лошаков,https://www.youtube.com/watch?v=T6jiI38z80g,
тцк,2025-11-15T09:00:10Z,3.0,Бодікамери ТЦК: які результати?,Адвокат Роман Сімутін,https://www.youtube.com/watch?v=6L6uqvJmokI,"Якщо послухати як Міноборони коментувало запровадження обов'язкової відеофіксації, то на очах навертаються сльози."
тцк,2025-11-15T08:58:54Z,8.42,ПОЧЕМУ ХОВАТЬСЯ от ТЦК! Становится Сложней!,Skorpion,https://www.youtube.com/watch?v=3QG1wHQltRI,"Тут я попробую россказать,почему ховаться от тцк, становится сложней в украине,Почему ето так мы попробуем ..."
тцк,2025-11-15T08:54:58Z,0.18,KrokZvidty #гумор#тцк,KrokZvidty,https://www.youtube.com/watch?v=51LkhDS-f-s,гумор #тцк #україна #втеча #собака #повістка.
тцк,2025-11-15T08:00:36Z,0.2,Підпишись! Щоб зупинити ТЦК! #тцк #корупція #корупціявукраїні #новини #війна #україна #мобілізація,Ухилянт Жора ,https://www.youtube.com/watch?v=Q6SH1DTUNRw,
тцк,2025-11-15T08:00:54Z,0.27,"ПОКРОВСЬК, МІСТА УЖЕ НЕМАЄ #зсу #новини #мобілізація #тсн #тцк",НОВИННИЙ РАДАР. НОВИНИ УКРАЇНИ ТА СВІТУ,https://www.youtube.com/watch?v=xxsiMY1rIL0,БІЛЬШЕ ІНФОРМАЦІЇ В НАШОМУ ТЕЛЕГРАМ-КАНАЛІ. ПІДТРИМАЙТЕ ПІДПИСКОЮ!
тцк,2025-11-15T07:49:01Z,0.55,Как обычно обманули. Станислав Ткаченко 32 омбр. #війна #тцк #життя #україна #зсу #ухилянти #война,ФРОНТСТОРИЗ,https://www.youtube.com/watch?v=GxGIOCdSiy0,
тцк,2025-11-15T07:26:52Z,1.62,Життя та здоров&#39;я як найвища соціальна цінність.#Конституція #ПраваЛюдини #ВерховнийСуд #ТЦК,JustTolik,https://www.youtube.com/watch?v=FKmUar3A61o,"Життя вище Повістки! Позиція Верховного Суду. Неявка за повісткою (ТЦК, суд) під час повітряної тривоги – поважна ..."
тцк,2025-11-15T07:00:48Z,0.37,💥ТЦК МАРОДЕРИ • ЛАЗЯТЬ ПО ЧУЖИМ МАШИНАМ 🤯 #Shorts,Пильний Дніпрянин,https://www.youtube.com/watch?v=mMhuRCqjiMc,"Типові представники влади! ТЦК вирішили перевірити особисті речі водія, який втік від них та залишив своє авто!"
тцк,2025-11-15T07:00:06Z,3.95,Суд тричі вимагав інформацію від ТЦК - наслідки,адвокат Макеєв,https://www.youtube.com/watch?v=Ao6t_5OFOQI,Суд тричі (!!!) витребовував у ТЦК будб-яку інформацію щодо підстав ОГОЛОШЕННЯ У РОЗШУК чоловіка! На підставі ч.9 ...
тцк,2025-11-15T07:00:49Z,0.72,Луцьк. Мобілізація у всій красі. 😱 #україна #новини #війна #мобілізація #тцк #новиниукраїни,ALL ,https://www.youtube.com/watch?v=pUVSwNKJRXs,
тцк,2025-11-15T07:00:06Z,8.02,Як позбутися розшуку ТЦК? Єдиний законний спосіб,Адвокат Ірина Приліпко,https://www.youtube.com/watch?v=6C4oWU2jBmg,Онлайн запис на консультацію https://law-office-of-iryna-prylipko.easyweek.com.ua Телефон для отримання послуг +38 068 ...
тцк,2025-11-15T06:57:14Z,0.75,Поезія! #вірші #поезія #азов #полонені #війна #україна #свобода #тцк #незалежність #воля #рек #життя,ALINKA-UKRAYINKA,https://www.youtube.com/watch?v=betLfcYKqwI,
тцк,2025-11-15T06:47:20Z,0.27,#тцк #бусификация #харьков #новыедома #бульварюрьева #комунальная,egoisT,https://www.youtube.com/watch?v=g18_GwLz4w0,
тцк,2025-11-15T06:36:57Z,0.67,Повісток ТЦК буде  більше. #lnk,ЮРКОНСАЛТ - Адвокат Києв | Запоріжжя,https://www.youtube.com/watch?v=-1w0OfvYoAI,"Повісток ТЦК буде більше. Печать та розсилка повісток ТЦК в Україні може прискоритися. Кабмін прийняв постанову, яка ..."
тцк,2025-11-15T06:35:02Z,1.48,В ЛУЦКЕ ТЦК ПОХИТИЛО ЖЕНЩИНУ И МУЖЧИНУ,POLITYK UA,https://www.youtube.com/watch?v=HP6z_1P0tJs,
тцк,2025-11-15T06:28:01Z,11.27,В ОДЕССЕ НАЧАЛСЯ АД! ВЗОРВАЛИ РЫНОК! ТЦК ОЗВЕРЕЛИ! БУСИКАМ КОНЕЦ! ВЗРЫВ НА РЫНКЕ В ЧЕРНОМОРСКЕ!,NEMO,https://www.youtube.com/watch?v=vJ_ZylBAhNk,
тцк,2025-11-15T06:21:01Z,0.12,"Дожились, Украина 2025 #военные или #тцк",Free Man,https://www.youtube.com/watch?v=qqs-xkRDlFM,
тцк,2025-11-15T06:15:07Z,0.3,Жесть робота тцк #війнавукраїні #мобилизация,Rt news,https://www.youtube.com/watch?v=OzPJ7lfot4g,
тцк,2025-11-15T06:15:08Z,2.62,"МОЛОДИЙ ХЛОПЕЦЬ ЗАДАВ НЕ ЗРУЧНІ ПИТАННЯ ПРАЦІВНИКАМ ТЦК, ЗА ЩО ТІ ПОЧАЛИ ЙОМУ ПОГРОЖУВАТИ",НОВИНИ УКРАЇНИ ТА СВІТУ ,https://www.youtube.com/watch?v=xR0jqDKsbCg,
тцк,2025-11-15T06:12:34Z,0.15,ТЦК варять борщ на виїзді,AI Industry,https://www.youtube.com/watch?v=Vi9CCrDDhtA,"ТЦК варять борщ на виїзді Тцкашники сидять у бусі, заповненому борщем, і кричать пацану «я забороняю мене знімати!"
тцк,2025-11-15T06:06:06Z,0.17,ТЦК на обідній перерві,AI Industry,https://www.youtube.com/watch?v=Gt_bFWF2k60,"ТЦК на обідній перерві Двоє тцкашників по груди у сметані з варениками вимагають у пацана документи, поки самі навіть ..."
тцк,2025-11-15T05:00:29Z,2.97,ТЦК разом із Урядом порушують закон про звернення громадян,ЄВСЮТІН Shorts,https://www.youtube.com/watch?v=TMm4wA4nMvc,
тцк беспредел,2025-11-14T18:00:31Z,14.6,😱 ПРЯМО ЗАРАЗ! ТЦК ПЕРЕЙШЛО МЕЖУ! УКРАЇНЦІ В ЩОЦІ! ЦІ КАДРИ РОЗІРВАЛИ МЕРЕЖУ! ЦЕ ЖЕСТЬ!,УКРАЇНА СЬОГОДНІ,https://www.youtube.com/watch?v=GQ0Q4EZiUDE,"Шок і жах у Кременчуці та Кривому Розі! Стрілянина у ТЦК, ножові поранення військових та хабарі за відстрочку від ..."
тцк беспредел,2025-11-14T13:50:17Z,10.63,БЕСПРЕДЕЛ ТЦК 🇺🇦 ДНЕПР ОТЛОВ ТЦК  /  КИЕВ ВЗРЫВЫ 🔥,dmpro,https://www.youtube.com/watch?v=GrSUDjvWm7Q,"ВСЕМ ПРИВЕТ ХОРОШЕГО ВЕЧЕРА, НАСТРОЕНИЯ В ПЯТНИЦУ   СПАСИБО ЗА ПОМОЩЬ КАРТА: 4400 0055 5351 ..."
тцк беспредел,2025-11-14T12:51:55Z,0.7,Беспредел свавилля ТЦК шинків у Дніпрі,примусова мобілізація заборонена!,https://www.youtube.com/watch?v=HslpXSj3ZJo,примусова мобілізація заборонена з 1966 року міжнародним гуманітарним правом Цей неперсоналізований ...
тцк беспредел,2025-11-14T12:09:27Z,11.07,Скрутили прямо у подъезда !!! | Беспредел ТЦК и Полиции !!!,Arthur [FreeMan],https://www.youtube.com/watch?v=DhSBytWtWB4,тцк #армия #войнавукраине #мобилизация #полиция #зсу #выживание Крипта ...
тцк беспредел,2025-11-14T11:43:45Z,0.7,полный БЕСпредел тцк,иеромонах Гавриил,https://www.youtube.com/watch?v=xk3UV_iAD14,
тцк беспредел,2025-11-14T11:02:51Z,8.9,Полицейский Беспредел ТЦК в Запорожье!,Рыболов инфо [rybolov info],https://www.youtube.com/watch?v=qzCggsSWjz4,Полицейский Беспредел ТЦК в Запорожье!
тцк беспредел,2025-11-13T15:47:42Z,11.72,ОТКРЫЛ ОГОНЬ ПО ТЦК  !!! МИНИСТРЫ ВОРУЮТ А ВОЙНА ПРОДОЛЖАЕТСЯ...,Алексей Сидоров мнение.,https://www.youtube.com/watch?v=u0e5lPj-HDc,ОТКРЫЛ ОГОНЬ ПО ТЦК !!! МИНИСТРЫ ВОРУЮТ А ВОЙНА ПРОДОЛЖАЕТСЯ...
тцк беспредел,2025-11-13T13:12:46Z,10.32,Беспредел ТЦК 😱 Днепр 👍 Ровно / Жена ТЦК помогает мужу !!!,dmpro,https://www.youtube.com/watch?v=Et0OVXtl-tQ,ВСЕМ ПРИВЕТ ХОРОШЕГО ДНЯ И НАСТРОЕНИЯ СПАСИБО ЗА ПОМОЩЬ КАРТА : 4400 0055 5351 9510 ССЫЛКА ...
ТЦК хватают людей,2025-11-12T14:48:09Z,5.47,БЕСПРЕДЕЛ ТЦК 👎 ДНЕПР ТЦК СТРЕЛЯЮТ В ЛЮДЕЙ ,dmpro,https://www.youtube.com/watch?v=ImSpVrZCMUw,ВСЕМ ПРИВЕТ ХОРОШЕГО ВЕЧЕРА И НАСТРОЕНИЯ СПАСИБО ЗА ВНИМАНИЕ И КОММЕНТАРИИ ПРИХОДИТЕ ...
тцк беспредел,2025-11-12T12:34:27Z,1.35,Ситуация на блок-посту,Беспредел  ТЦК,https://www.youtube.com/watch?v=ySvleLnwrHQ,
тцк беспредел,2025-11-11T14:34:15Z,11.05,БЕСПРЕДЕЛ ТЦК 👎 ДНЕПР ОТЛОВ СИЛЬНЫЙ 👮 БЕРЕГИТЕ СЕБЯ 🔥,dmpro,https://www.youtube.com/watch?v=v-b8HaRQbvc,ДОБРЫЙ ВЕЧЕР ХОРОШЕГО ВЕЧЕРА И НАСТРОЕНИЯ ССЫЛКА НА ТГ КАНАЛ ПРИХОДИТЕ ...
тцк беспредел,2025-11-11T05:53:54Z,12.05,Одесса в аду! 15 прилетов! Что с Одессой!? Взрыв за взрывом! ТЦК беспредел! Разнесли город Рени! ,NEMO,https://www.youtube.com/watch?v=u7ynq7X4UUI,
тцк беспредел,2025-11-10T21:33:20Z,8.5,Днепр Взрывы🔥Российские ДРГ в Днепре🔥Взрывы Крым🔥Беспредел ТЦК🔥Страшно🔥Днепр 11 ноября 2025 г.,Барахолка ТВ,https://www.youtube.com/watch?v=5pCOmnqqKKQ,пропитание. : rolandofgilead@ukr.net (PayPal)-Международные Переводы Банковская Карта: 4441111066579164 (Украина) ...
тцк беспредел,2025-11-10T21:21:22Z,7.07,Беспредел ТЦК в УКРАИНЕ / ПОХИЩЕНИЕ МУЖИКОВ /(Бусификация)- РЕАКЦИЯ 2 часть,Crepy_YT 🅥,https://www.youtube.com/watch?v=IoJ5t997wWU,"В этом ролике мы посмотрим работу ТЦК в Украине, так называемую БУСИФИКАЦИЮ, в городе Одесса, так как давно ..."
тцк беспредел,2025-11-10T15:01:18Z,11.2,БЕСПРЕДЕЛ ТЦК 👎 КАМЕНСКОЕ РЕЙДЫ / ФРОНТ ВСЁ БЛИЖЕ !!!,dmpro,https://www.youtube.com/watch?v=dDSETTXKiKo,"ВСЕМ ДОБРЫЙ ВЕЧЕР ПРИХОДИТЕ НА ТГ КАНАЛ https://t.me/+Wak3T0-PqfQ1ZTMy ПИШИТЕ КОММЕНТАРИИ, ..."
тцк беспредел,2025-11-10T14:28:39Z,12.45,Беспредел ТЦК выходит им боком — даже власть уже сливает!,Недомобилизованный Украинец,https://www.youtube.com/watch?v=JkwiJisI2Yg,"ТЦК-шный беспредел достал уже всех — и народ, и даже власть. Те, кто ещё вчера чувствовали себя неприкасаемыми, ..."
тцк беспредел,2025-11-10T06:29:09Z,7.7,Беспредел ТЦК в УКРАИНЕ / ПОХИЩЕНИЕ МУЖИКОВ /(Бусификация)- РЕАКЦИЯ,Crepy_YT 🅥,https://www.youtube.com/watch?v=ikCHWhKY6hU,"В этом ролике мы посмотрим работу ТЦК в Украине, так называемую БУСИФИКАЦИЮ, в городе Одесса, так как давно ..."
побег через границу Украина,2025-11-15T20:32:39Z,2.27,Миндич сбежал из Украины на премиум-сервисе: крупный коррупционный побег,Alex Ratinsky,https://www.youtube.com/watch?v=1EfkWPpSsFc,"В этом видео рассказываем подробности побега бизнесмена, подозреваемого в масштабной коррупционной схеме."
побег через границу Украина,2025-11-15T14:20:56Z,0.1,🚨 Скандал Миндича — Побег из Украины перед обысками НАБУ,PassingReality,https://www.youtube.com/watch?v=KkmIquWfh6c,новости #новостиСегодня #новостиОнлайн 🕵️‍♂️ Тимур Миндич покинул Украину на VIP-такси за несколько часов до ...
побег через границу Украина,2025-11-15T05:30:01Z,0.43,ПОБЕГ ЛОПНУЛ НА ГРАНИЦЕ 🇱🇹,🛑 СРОЧНО: Украина,https://www.youtube.com/watch?v=aFwOdlokxtQ,"Украинец, служивший в российской армии, пытался скрыться в Европе. Литовские правоохранители задержали его на ..."
побег через границу Украина,2025-11-12T08:00:38Z,0.55,НОВЫЙ ПОБЕГ ИЗ УКРАИНЫ ПОСЛЕ МИНДИЧА! ЗЕЛЕНСКИЙ ЗАКРЫЛ ГЛАЗА И ОТКРЫЛ ГРАНИЦУ?,112. ГЛАВНОЕ,https://www.youtube.com/watch?v=RJWWLoAH4lE,"Неужели Зеленский снова промолчит? Участникам схемы Минидича разрешают сбежать из страны, несмотря на ..."
