date,is_known,is_EU,country,duration_sec,analysis_period,trigger_48h,trigger_7d,trigger_1M
2022-06-09 12:08:53,False,False,Non-EU,0,Baseline (Pre-Audit),False,False,False
2022-06-12 12:37:23,False,False,Non-EU,0,Baseline (Pre-Audit),False,False,False
2022-06-14 12:21:55,False,False,Non-EU,0,Baseline (Pre-Audit),False,False,False
2022-06-14 12:37:12,False,False,Non-EU,0,Baseline (Pre-Audit),False,False,False
2022-06-16 09:51:33,False,False,Non-EU,0,Baseline (Pre-Audit),False,False,False
2022-06-19 12:28:36,False,True,DE,39,Baseline (Pre-Audit),False,False,False
2022-06-19 12:29:59,False,True,DE,11,Baseline (Pre-Audit),False,False,False
2022-06-19 12:30:45,False,True,DE,0,Baseline (Pre-Audit),False,False,False
2022-06-19 12:32:19,False,True,DE,0,Baseline (Pre-Audit),False,False,False
2022-06-19 12:35:57,False,True,DE,0,Baseline (Pre-Audit),False,False,False
2022-06-19 12:36:49,False,,,1595,Baseline (Pre-Audit),False,False,False
2022-06-19 16:43:07,True,False,Non-EU,0,Baseline (Pre-Audit),False,False,False
2022-06-19 18:08:08,True,False,Non-EU,79,Baseline (Pre-Audit),False,False,False
2022-06-20 13:22:54,True,False,Non-EU,130,Baseline (Pre-Audit),False,False,False
2022-06-20 14:27:40,True,False,Non-EU,0,Baseline (Pre-Audit),False,False,False
2022-06-20 14:31:13,True,False,Non-EU,27,Baseline (Pre-Audit),False,False,False
2022-06-20 14:42:11,True,False,Non-EU,38,Baseline (Pre-Audit),False,False,False
2022-06-20 14:52:33,True,False,Non-EU,63,Baseline (Pre-Audit),False,False,False
2022-06-20 14:59:48,True,False,Non-EU,28,Baseline (Pre-Audit),False,False,False
2022-06-20 15:12:43,True,False,Non-EU,6,Baseline (Pre-Audit),False,False,False
2022-06-20 15:36:45,True,False,Non-EU,86,Baseline (Pre-Audit),False,False,False
2022-06-20 17:59:50,True,False,Non-EU,45,Baseline (Pre-Audit),False,False,False
2022-06-21 15:30:41,True,False,Non-EU,0,Baseline (Pre-Audit),False,False,False
2022-06-21 16:07:57,True,,,20,Baseline (Pre-Audit),False,False,False
2022-06-21 19:11:53,True,False,Non-EU,40,Baseline (Pre-Audit),False,False,False
2022-06-21 19:13:27,True,False,Non-EU,11,Baseline (Pre-Audit),False,False,False
2022-06-21 19:13:54,True,False,Non-EU,97,Baseline (Pre-Audit),False,False,False
2022-06-21 20:27:19,True,False,Non-EU,0,Baseline (Pre-Audit),False,False,False
2022-06-23 08:45:53,True,False,Non-EU,82,Baseline (Pre-Audit),False,False,False
2022-06-23 08:53:28,True,False,Non-EU,148,Baseline (Pre-Audit),False,False,False
2022-06-23 09:10:31,True,False,Non-EU,49,Baseline (Pre-Audit),False,False,False
2022-06-23 14:08:05,True,False,Non-EU,45,Baseline (Pre-Audit),False,False,False
2022-06-23 15:19:55,False,False,Non-EU,0,Baseline (Pre-Audit),False,False,False
2022-06-23 15:20:42,True,False,Non-EU,27,Baseline (Pre-Audit),False,False,False
2022-06-23 15:22:26,False,False,Non-EU,419,Baseline (Pre-Audit),False,False,False
2022-06-23 15:33:08,False,,,151,Baseline (Pre-Audit),False,False,False
2022-06-23 15:35:53,False,,,600,Baseline (Pre-Audit),False,False,False
2022-06-23 15:50:48,False,False,Non-EU,0,Baseline (Pre-Audit),False,False,False
2022-06-23 15:55:25,False,False,Non-EU,0,Baseline (Pre-Audit),False,False,False
2022-06-24 08:13:48,True,False,Non-EU,0,Baseline (Pre-Audit),False,False,False
2022-06-24 08:14:31,True,False,Non-EU,143,Baseline (Pre-Audit),False,False,False
2022-06-24 08:19:00,True,False,Non-EU,33,Baseline (Pre-Audit),False,False,False
2022-06-24 09:14:31,True,False,Non-EU,34,Baseline (Pre-Audit),False,False,False
2022-06-25 12:54:10,True,False,Non-EU,0,Baseline (Pre-Audit),False,False,False
2022-06-25 13:03:06,True,False,Non-EU,44,Baseline (Pre-Audit),False,False,False
2022-06-25 18:47:09,True,False,Non-EU,0,Baseline (Pre-Audit),False,False,False
2022-06-25 20:55:20,True,False,Non-EU,16,Baseline (Pre-Audit),False,False,False
2022-06-26 08:43:55,False,,,0,Baseline (Pre-Audit),False,False,False
2022-06-26 08:56:31,False,False,Non-EU,43,Baseline (Pre-Audit),False,False,False
2022-06-26 13:03:31,False,,,236,Baseline (Pre-Audit),False,False,False
2022-06-26 13:32:42,False,,,1873,Baseline (Pre-Audit),False,False,False
2022-06-26 14:03:25,False,,,0,Baseline (Pre-Audit),False,False,False
2022-06-26 14:03:25,False,,,0,Baseline (Pre-Audit),False,False,False
2022-06-26 14:04:51,False,False,Non-EU,0,Baseline (Pre-Audit),False,False,False
2022-06-26 14:05:22,False,False,Non-EU,0,Baseline (Pre-Audit),False,False,False
2022-06-26 14:05:42,False,,,0,Baseline (Pre-Audit),False,False,False
2022-06-26 14:05:56,False,,,0,Baseline (Pre-Audit),False,False,False
2022-06-26 14:06:19,False,False,Non-EU,0,Baseline (Pre-Audit),False,False,False
2022-06-26 14:08:52,False,,,0,Baseline (Pre-Audit),False,False,False
2022-06-26 14:11:57,False,False,Non-EU,119,Baseline (Pre-Audit),False,False,False
2022-06-26 14:19:38,False,,,0,Baseline (Pre-Audit),False,False,False
2022-06-26 14:19:51,False,,,2159,Baseline (Pre-Audit),False,False,False
2022-06-26 14:57:12,False,,,3313,Baseline (Pre-Audit),False,False,False
2022-06-26 15:07:37,True,False,Non-EU,9,Baseline (Pre-Audit),False,False,False
2022-06-26 15:52:39,False,,,1745,Baseline (Pre-Audit),False,False,False
2022-06-26 16:22:01,False,True,DE,116,Baseline (Pre-Audit),False,False,False
2022-06-26 16:24:11,False,True,DE,0,Baseline (Pre-Audit),False,False,False
2022-06-26 16:25:48,False,True,DE,0,Baseline (Pre-Audit),False,False,False
2022-06-26 16:26:01,False,,,2413,Baseline (Pre-Audit),False,False,False
2022-06-26 17:06:28,False,True,DE,0,Baseline (Pre-Audit),False,False,False
2022-06-27 08:32:45,False,,,108,Baseline (Pre-Audit),False,False,False
2022-06-27 08:34:48,False,,,75,Baseline (Pre-Audit),False,False,False
2022-06-27 09:31:40,False,,,10,Baseline (Pre-Audit),False,False,False
2022-06-27 11:58:23,False,,,73,Baseline (Pre-Audit),False,False,False
2022-06-27 11:59:43,True,False,Non-EU,234,Baseline (Pre-Audit),False,False,False
2022-06-27 12:05:34,False,True,DE,510,Baseline (Pre-Audit),False,False,False
2022-06-27 12:31:31,False,False,Non-EU,154,Baseline (Pre-Audit),False,False,False
2022-06-28 07:40:10,False,True,DE,0,Baseline (Pre-Audit),False,False,False
2022-06-28 07:55:51,False,True,DE,0,Baseline (Pre-Audit),False,False,False
2022-06-28 08:00:16,False,True,DE,973,Baseline (Pre-Audit),False,False,False
2022-06-28 09:40:48,False,False,Non-EU,0,Baseline (Pre-Audit),False,False,False
2022-06-28 09:46:38,False,False,Non-EU,27,Baseline (Pre-Audit),False,False,False
2022-06-28 11:01:30,False,False,Non-EU,56,Baseline (Pre-Audit),False,False,False
2022-06-28 11:07:21,True,False,Non-EU,11,Baseline (Pre-Audit),False,False,False
2022-06-28 11:12:17,True,False,Non-EU,13,Baseline (Pre-Audit),False,False,False
2022-06-28 11:44:18,True,False,Non-EU,13,Baseline (Pre-Audit),False,False,False
2022-06-28 11:55:20,False,True,DE,77,Baseline (Pre-Audit),False,False,False
2022-06-28 12:03:30,False,,,119,Baseline (Pre-Audit),False,False,False
2022-06-28 12:05:41,False,,,71,Baseline (Pre-Audit),False,False,False
2022-06-28 12:43:10,False,True,DE,2903,Baseline (Pre-Audit),False,False,False
2022-06-28 13:38:39,False,False,Non-EU,28,Baseline (Pre-Audit),False,False,False
2022-06-28 15:03:28,False,False,Non-EU,77,Baseline (Pre-Audit),False,False,False
2022-06-28 15:16:42,True,False,Non-EU,0,Baseline (Pre-Audit),False,False,False
2022-06-28 15:35:40,True,False,Non-EU,106,Baseline (Pre-Audit),False,False,False
2022-06-28 16:27:32,True,False,Non-EU,276,Baseline (Pre-Audit),False,False,False
2022-06-28 16:36:42,True,False,Non-EU,194,Baseline (Pre-Audit),False,False,False
2022-06-28 17:02:33,True,,,38,Baseline (Pre-Audit),False,False,False
2022-06-28 17:03:05,True,False,Non-EU,10,Baseline (Pre-Audit),False,False,False
2022-06-28 17:05:41,True,False,Non-EU,83,Baseline (Pre-Audit),False,False,False
2022-06-28 17:28:23,True,False,Non-EU,16,Baseline (Pre-Audit),False,False,False
2022-06-28 17:41:05,True,False,Non-EU,0,Baseline (Pre-Audit),False,False,False
2022-06-28 17:41:19,True,False,Non-EU,64,Baseline (Pre-Audit),False,False,False
2022-06-29 10:17:46,True,False,Non-EU,30,Baseline (Pre-Audit),False,False,False
2022-06-29 10:26:01,True,False,Non-EU,205,Baseline (Pre-Audit),False,False,False
2022-06-29 11:28:46,True,False,Non-EU,44,Baseline (Pre-Audit),False,False,False
2022-06-29 11:29:46,True,False,Non-EU,70,Baseline (Pre-Audit),False,False,False
2022-06-29 11:38:49,True,False,Non-EU,0,Baseline (Pre-Audit),False,False,False
2022-06-29 11:39:44,True,False,Non-EU,43,Baseline (Pre-Audit),False,False,False
2022-06-29 15:33:53,True,False,Non-EU,0,Baseline (Pre-Audit),False,False,False
2022-06-29 18:36:35,True,False,Non-EU,0,Baseline (Pre-Audit),False,False,False
2022-06-29 20:45:40,True,False,Non-EU,0,Baseline (Pre-Audit),False,False,False
2022-06-29 21:17:25,True,False,Non-EU,0,Baseline (Pre-Audit),False,False,False
2022-06-29 21:50:15,True,False,Non-EU,0,Baseline (Pre-Audit),False,False,False
2022-06-29 22:05:05,True,False,Non-EU,39,Baseline (Pre-Audit),False,False,False
2022-06-29 23:27:09,True,False,Non-EU,81,Baseline (Pre-Audit),False,False,False
2022-06-29 23:52:00,True,False,Non-EU,25,Baseline (Pre-Audit),False,False,False
2022-06-30 03:50:36,True,,,22,Baseline (Pre-Audit),False,False,False
2022-06-30 03:59:38,True,,,32,Baseline (Pre-Audit),False,False,False
2022-06-30 04:08:12,True,False,Non-EU,0,Baseline (Pre-Audit),False,False,False
2022-06-30 04:09:40,True,,,0,Baseline (Pre-Audit),False,False,False
2022-06-30 04:38:54,True,,,61,Baseline (Pre-Audit),False,False,False
2022-06-30 05:01:29,True,,,44,Baseline (Pre-Audit),False,False,False
2022-07-11 07:49:56,False,False,Non-EU,0,Baseline (Pre-Audit),False,False,False
2022-07-13 12:52:51,False,False,Non-EU,0,Baseline (Pre-Audit),False,False,False
2022-07-18 13:29:30,False,False,Non-EU,0,Baseline (Pre-Audit),False,False,False
2022-08-04 13:04:48,False,False,Non-EU,0,Baseline (Pre-Audit),False,False,False
2022-08-04 17:52:10,False,False,Non-EU,0,Baseline (Pre-Audit),False,False,False
2022-08-07 10:23:16,False,False,Non-EU,0,Baseline (Pre-Audit),False,False,False
2022-08-08 11:21:30,False,False,Non-EU,0,Baseline (Pre-Audit),False,False,False
2022-08-17 15:25:43,False,False,Non-EU,0,Baseline (Pre-Audit),False,False,False
2022-08-18 08:00:28,False,False,Non-EU,0,Baseline (Pre-Audit),False,False,False
2022-08-22 21:14:00,True,False,Non-EU,0,Baseline (Pre-Audit),False,False,False
2022-08-25 11:01:40,False,False,Non-EU,0,Baseline (Pre-Audit),False,False,False
2022-08-25 11:01:58,False,False,Non-EU,0,Baseline (Pre-Audit),False,False,False
2022-08-25 11:47:21,False,False,Non-EU,0,Baseline (Pre-Audit),False,False,False
2022-08-25 11:47:34,False,False,Non-EU,0,Baseline (Pre-Audit),False,False,False
2022-08-25 11:48:06,False,False,Non-EU,0,Baseline (Pre-Audit),False,False,False
2022-08-25 12:16:54,True,False,Non-EU,0,Baseline (Pre-Audit),False,False,False
2022-08-25 12:17:13,True,False,Non-EU,0,Baseline (Pre-Audit),False,False,False
2022-08-31 10:16:29,False,False,Non-EU,0,Baseline (Pre-Audit),False,False,False
2022-09-07 13:44:07,False,False,Non-EU,0,Baseline (Pre-Audit),False,False,False
2022-09-11 13:32:51,True,False,Non-EU,0,Baseline (Pre-Audit),False,False,False
2022-09-11 18:18:28,True,False,Non-EU,0,Baseline (Pre-Audit),False,False,False
2022-09-12 15:00:37,True,False,Non-EU,0,Baseline (Pre-Audit),False,False,False
2022-09-12 19:17:08,True,False,Non-EU,0,Baseline (Pre-Audit),False,False,False
2022-09-15 13:28:43,False,False,Non-EU,0,Baseline (Pre-Audit),False,False,False
2022-12-12 10:40:01,False,False,Non-EU,0,Baseline (Pre-Audit),False,False,False
2023-01-07 13:36:49,False,,,0,Baseline (Pre-Audit),False,False,False
2023-01-11 17:10:59,False,False,Non-EU,0,Baseline (Pre-Audit),False,False,False
2023-01-11 17:11:52,False,False,Non-EU,0,Baseline (Pre-Audit),False,False,False
2023-01-17 14:17:55,False,False,Non-EU,0,Baseline (Pre-Audit),False,False,False
2023-02-08 11:25:35,False,False,Non-EU,0,Baseline (Pre-Audit),False,False,False
2023-02-09 09:35:49,False,False,Non-EU,0,Baseline (Pre-Audit),False,False,False
2023-02-09 09:35:49,False,False,Non-EU,0,Baseline (Pre-Audit),False,False,False
2023-03-02 12:47:52,False,False,Non-EU,0,Baseline (Pre-Audit),False,False,False
2023-03-06 11:33:15,False,False,Non-EU,0,Baseline (Pre-Audit),False,False,False
2023-03-06 16:05:34,False,False,Non-EU,0,Baseline (Pre-Audit),False,False,False
2023-03-23 14:15:03,False,False,Non-EU,0,Baseline (Pre-Audit),False,False,False
2023-03-31 18:53:15,True,False,Non-EU,0,Baseline (Pre-Audit),False,False,False
2023-04-02 13:53:40,False,False,Non-EU,0,Baseline (Pre-Audit),False,False,False
2023-04-02 13:54:34,False,False,Non-EU,0,Baseline (Pre-Audit),False,False,False
2023-04-03 16:07:30,False,False,Non-EU,0,Baseline (Pre-Audit),False,False,False
2023-04-05 09:09:05,False,False,Non-EU,0,Baseline (Pre-Audit),False,False,False
2023-04-07 11:10:42,False,False,Non-EU,0,Baseline (Pre-Audit),False,False,False
2023-04-19 13:49:48,False,False,Non-EU,0,Baseline (Pre-Audit),False,False,False
2023-04-20 10:02:43,False,False,Non-EU,0,Baseline (Pre-Audit),False,False,False
2023-05-10 10:31:58,False,False,Non-EU,0,Baseline (Pre-Audit),False,False,False
2023-05-11 07:30:54,True,False,Non-EU,0,Baseline (Pre-Audit),False,False,False
2023-05-26 16:16:36,False,True,DE,4,Baseline (Pre-Audit),False,False,False
2023-05-26 16:18:08,False,,,816,Baseline (Pre-Audit),False,False,False
2023-05-26 16:31:49,False,True,DE,415,Baseline (Pre-Audit),False,False,False
2023-10-20 20:48:27,True,True,DE,0,Baseline (Pre-Audit),False,False,False
2023-11-20 11:55:12,False,False,Non-EU,0,Baseline (Pre-Audit),False,False,False
2023-12-14 12:18:47,False,True,RO,0,Baseline (Pre-Audit),False,False,False
2023-12-30 19:00:01,True,True,DE,0,Baseline (Pre-Audit),False,False,False
2024-01-01 15:26:02,False,False,Non-EU,0,Baseline (Pre-Audit),False,False,False
2024-01-04 16:01:44,False,False,Non-EU,0,Baseline (Pre-Audit),False,False,False
2024-01-14 14:00:14,False,False,Non-EU,0,Baseline (Pre-Audit),False,False,False
2024-02-19 13:42:31,False,False,Non-EU,0,Baseline (Pre-Audit),False,False,False
2024-02-20 09:42:59,False,False,Non-EU,0,Baseline (Pre-Audit),False,False,False
2024-02-21 13:53:12,False,False,Non-EU,0,Baseline (Pre-Audit),False,False,False
2024-03-01 09:56:35,False,,,93,Baseline (Pre-Audit),False,False,False
2024-03-13 14:13:12,False,False,Non-EU,0,Baseline (Pre-Audit),False,False,False
2024-03-16 16:23:40,True,False,Non-EU,44,Baseline (Pre-Audit),False,False,False
2024-03-17 15:22:47,True,False,Non-EU,15,Baseline (Pre-Audit),False,False,False
2024-03-17 18:26:05,True,False,Non-EU,0,Baseline (Pre-Audit),False,False,False
2024-03-18 20:12:41,True,False,Non-EU,59,Baseline (Pre-Audit),False,False,False
2024-03-19 09:10:26,True,False,Non-EU,0,Baseline (Pre-Audit),False,False,False
2024-03-19 09:27:41,True,False,Non-EU,2,Baseline (Pre-Audit),False,False,False
2024-03-19 11:52:35,True,False,Non-EU,2701,Baseline (Pre-Audit),False,False,False
2024-03-19 12:39:02,True,False,Non-EU,201,Baseline (Pre-Audit),False,False,False
2024-03-19 18:04:40,True,False,Non-EU,50,Baseline (Pre-Audit),False,False,False
2024-03-20 11:35:57,True,False,Non-EU,67,Baseline (Pre-Audit),False,False,False
2024-03-20 13:41:24,True,False,Non-EU,0,Baseline (Pre-Audit),False,False,False
2024-03-21 16:26:41,True,False,Non-EU,0,Baseline (Pre-Audit),False,False,False
2024-03-21 17:25:18,True,False,Non-EU,0,Baseline (Pre-Audit),False,False,False
2024-03-22 15:22:07,True,False,Non-EU,0,Baseline (Pre-Audit),False,False,False
2024-03-22 15:22:50,True,False,Non-EU,64,Baseline (Pre-Audit),False,False,False
2024-03-22 15:23:35,True,False,Non-EU,0,Baseline (Pre-Audit),False,False,False
2024-03-22 15:25:04,True,False,Non-EU,0,Baseline (Pre-Audit),False,False,False
2024-03-22 15:25:38,True,False,Non-EU,6,Baseline (Pre-Audit),False,False,False
2024-03-22 15:26:28,True,False,Non-EU,0,Baseline (Pre-Audit),False,False,False
2024-03-22 15:26:50,True,False,Non-EU,0,Baseline (Pre-Audit),False,False,False
2024-03-24 12:13:00,True,False,Non-EU,51,Baseline (Pre-Audit),False,False,False
2024-03-24 21:05:59,True,False,Non-EU,42,Baseline (Pre-Audit),False,False,False
2024-03-25 03:39:24,True,False,Non-EU,0,Baseline (Pre-Audit),False,False,False
2024-03-27 14:29:27,False,False,Non-EU,0,Baseline (Pre-Audit),False,False,False
2024-04-19 18:49:53,True,True,DE,15,Baseline (Pre-Audit),False,False,False
2024-04-26 16:42:16,True,True,DE,18,Baseline (Pre-Audit),False,False,False
2024-04-26 20:09:50,True,True,DE,0,Baseline (Pre-Audit),False,False,False
2024-04-26 21:05:17,True,True,DE,0,Baseline (Pre-Audit),False,False,False
2024-04-27 11:43:12,True,True,DE,0,Baseline (Pre-Audit),False,False,False
2024-04-27 11:52:13,True,True,DE,53,Baseline (Pre-Audit),False,False,False
2024-04-27 12:54:06,True,True,DE,37,Baseline (Pre-Audit),False,False,False
2024-04-27 13:25:08,True,True,DE,44,Baseline (Pre-Audit),False,False,False
2024-04-27 14:23:19,False,True,DE,32,Baseline (Pre-Audit),False,False,False
2024-04-27 19:31:00,True,True,DE,10,Baseline (Pre-Audit),False,False,False
2024-04-28 19:11:33,True,True,DE,34,Baseline (Pre-Audit),False,False,False
2024-04-29 17:24:59,True,True,DE,17,Baseline (Pre-Audit),False,False,False
2024-04-30 11:51:43,False,,,0,Baseline (Pre-Audit),False,False,False
2024-04-30 13:31:38,False,,,479,Baseline (Pre-Audit),False,False,False
2024-05-02 19:38:55,True,True,DE,0,Baseline (Pre-Audit),False,False,False
2024-05-03 14:03:21,True,True,DE,0,Baseline (Pre-Audit),False,False,False
2024-05-03 14:04:51,True,True,DE,0,Baseline (Pre-Audit),False,False,False
2024-05-03 14:12:54,True,True,DE,0,Baseline (Pre-Audit),False,False,False
2024-05-03 14:53:36,True,True,DE,0,Baseline (Pre-Audit),False,False,False
2024-05-03 14:57:00,True,True,DE,36,Baseline (Pre-Audit),False,False,False
2024-05-04 15:28:33,True,True,DE,10,Baseline (Pre-Audit),False,False,False
2024-05-04 20:24:39,True,True,DE,13,Baseline (Pre-Audit),False,False,False
2024-05-04 21:59:22,True,True,DE,0,Baseline (Pre-Audit),False,False,False
2024-05-05 10:00:15,True,True,DE,0,Baseline (Pre-Audit),False,False,False
2024-05-12 14:55:14,True,True,DE,0,Baseline (Pre-Audit),False,False,False
2024-05-12 14:55:57,True,True,DE,10,Baseline (Pre-Audit),False,False,False
2024-05-12 14:56:43,True,True,DE,0,Baseline (Pre-Audit),False,False,False
2024-05-14 13:03:34,False,True,DE,0,Baseline (Pre-Audit),False,False,False
2024-05-14 13:59:07,False,True,DE,20,Baseline (Pre-Audit),False,False,False
2024-05-14 14:00:46,False,False,Non-EU,7,Baseline (Pre-Audit),False,False,False
2024-05-16 17:27:39,True,True,DE,0,Baseline (Pre-Audit),False,False,False
2024-05-16 17:31:27,True,True,DE,360,Baseline (Pre-Audit),False,False,False
2024-05-16 19:34:12,True,True,DE,8,Baseline (Pre-Audit),False,False,False
2024-05-17 13:07:39,True,True,DE,0,Baseline (Pre-Audit),False,False,False
2024-05-17 13:08:33,True,True,DE,0,Baseline (Pre-Audit),False,False,False
2024-05-17 13:24:19,True,True,DE,131,Baseline (Pre-Audit),False,False,False
2024-05-22 10:49:54,True,True,DE,0,Baseline (Pre-Audit),False,False,False
2024-05-25 11:47:58,True,True,DE,11,Baseline (Pre-Audit),False,False,False
2024-05-27 18:35:59,True,True,DE,816,Baseline (Pre-Audit),False,False,False
2024-05-28 16:59:24,True,True,DE,52,Baseline (Pre-Audit),False,False,False
2024-05-29 13:13:05,False,False,Non-EU,0,Baseline (Pre-Audit),False,False,False
2024-05-29 18:02:15,True,True,DE,565,Baseline (Pre-Audit),False,False,False
2024-05-30 12:10:17,True,True,DE,0,Baseline (Pre-Audit),False,False,False
2024-05-30 12:45:51,True,True,DE,52,Baseline (Pre-Audit),False,False,False
2024-05-31 11:12:52,False,True,DE,5,Baseline (Pre-Audit),False,False,False
2024-05-31 11:19:34,True,True,DE,68,Baseline (Pre-Audit),False,False,False
2024-05-31 12:17:11,True,True,DE,27,Baseline (Pre-Audit),False,False,False
2024-05-31 18:01:05,True,True,DE,13,Baseline (Pre-Audit),False,False,False
2024-06-02 15:46:38,False,True,DE,0,Baseline (Pre-Audit),False,False,False
2024-06-02 18:55:26,True,True,DE,51,Baseline (Pre-Audit),False,False,False
2024-06-02 19:12:26,True,True,DE,76,Baseline (Pre-Audit),False,False,False
2024-06-03 15:48:34,False,False,Non-EU,0,Baseline (Pre-Audit),False,False,False
2024-06-04 09:02:30,False,True,DE,30,Baseline (Pre-Audit),False,False,False
2024-06-06 21:15:22,True,True,DE,0,Baseline (Pre-Audit),False,False,False
2024-06-07 18:26:08,False,False,Non-EU,8,Baseline (Pre-Audit),False,False,False
2024-06-08 15:07:49,True,True,DE,7,Baseline (Pre-Audit),False,False,False
2024-06-08 21:29:29,True,True,DE,13,Baseline (Pre-Audit),False,False,False
2024-06-10 21:29:33,True,True,DE,10,Baseline (Pre-Audit),False,False,False
2024-06-14 08:36:33,True,True,DE,0,Baseline (Pre-Audit),False,False,False
2024-06-14 20:25:28,True,True,DE,12,Baseline (Pre-Audit),False,False,False
2024-06-14 22:08:20,True,True,DE,0,Baseline (Pre-Audit),False,False,False
2024-06-14 22:10:36,True,True,DE,297,Baseline (Pre-Audit),False,False,False
2024-06-15 09:09:02,True,True,DE,44,Baseline (Pre-Audit),False,False,False
2024-06-15 10:03:21,True,True,DE,11,Baseline (Pre-Audit),False,False,False
2024-06-15 20:44:43,True,True,DE,0,Baseline (Pre-Audit),False,False,False
2024-06-15 20:45:49,True,True,DE,6,Baseline (Pre-Audit),False,False,False
2024-06-17 10:12:13,True,True,DE,26,Baseline (Pre-Audit),False,False,False
2024-06-21 08:55:17,False,,,0,Baseline (Pre-Audit),False,False,False
2024-06-21 12:13:20,False,,,0,Baseline (Pre-Audit),False,False,False
2024-06-21 14:25:10,False,,,89,Baseline (Pre-Audit),False,False,False
2024-06-24 14:44:41,True,True,DE,66,Baseline (Pre-Audit),False,False,False
2024-06-25 00:03:17,True,True,DE,20,Baseline (Pre-Audit),False,False,False
2024-06-25 17:39:47,True,True,DE,0,Baseline (Pre-Audit),False,False,False
2024-06-25 19:18:45,True,True,DE,97,Baseline (Pre-Audit),False,False,False
2024-06-25 21:17:24,True,True,DE,28,Baseline (Pre-Audit),False,False,False
2024-06-26 16:25:31,True,True,DE,33,Baseline (Pre-Audit),False,False,False
2024-06-27 19:45:34,True,True,DE,33,Baseline (Pre-Audit),False,False,False
2024-06-27 20:56:26,True,True,DE,158,Baseline (Pre-Audit),False,False,False
2024-06-27 21:00:42,True,True,DE,48,Baseline (Pre-Audit),False,False,False
2024-06-28 17:17:19,True,True,DE,7,Baseline (Pre-Audit),False,False,False
2024-06-29 07:27:10,True,True,DE,28,Baseline (Pre-Audit),False,False,False
2024-06-29 07:29:25,True,True,DE,15,Baseline (Pre-Audit),False,False,False
2024-06-29 15:55:09,True,True,DE,0,Baseline (Pre-Audit),False,False,False
2024-06-29 15:55:35,True,True,DE,0,Baseline (Pre-Audit),False,False,False
2024-06-29 15:55:43,True,True,DE,0,Baseline (Pre-Audit),False,False,False
2024-06-29 16:02:33,True,True,DE,0,Baseline (Pre-Audit),False,False,False
2024-06-29 16:05:11,True,True,DE,0,Baseline (Pre-Audit),False,False,False
2024-06-29 16:07:00,True,True,DE,0,Baseline (Pre-Audit),False,False,False
2024-06-29 16:20:57,True,True,DE,15,Baseline (Pre-Audit),False,False,False
2024-06-29 16:21:36,True,True,DE,7,Baseline (Pre-Audit),False,False,False
2024-06-29 16:21:38,True,True,DE,0,Baseline (Pre-Audit),False,False,False
2024-06-29 16:21:54,True,True,DE,0,Baseline (Pre-Audit),False,False,False
2024-06-29 16:22:22,True,True,DE,0,Baseline (Pre-Audit),False,False,False
2024-06-29 16:22:52,True,True,DE,117,Baseline (Pre-Audit),False,False,False
2024-06-29 16:53:20,True,True,DE,32,Baseline (Pre-Audit),False,False,False
2024-06-29 22:24:02,True,True,DE,17,Baseline (Pre-Audit),False,False,False
2024-06-30 20:59:59,True,True,DE,0,Baseline (Pre-Audit),False,False,False
2024-06-30 21:07:33,True,True,DE,92,Baseline (Pre-Audit),False,False,False
2024-06-30 21:30:13,True,True,DE,5,Baseline (Pre-Audit),False,False,False
2024-07-01 15:44:17,True,True,DE,27,Baseline (Pre-Audit),False,False,False
2024-07-01 16:24:40,True,True,DE,52,Baseline (Pre-Audit),False,False,False
2024-07-01 17:49:25,True,True,DE,2,Baseline (Pre-Audit),False,False,False
2024-07-01 17:50:00,True,True,DE,16,Baseline (Pre-Audit),False,False,False
2024-07-01 18:21:08,True,True,DE,0,Baseline (Pre-Audit),False,False,False
2024-07-01 19:30:48,False,False,Non-EU,0,Baseline (Pre-Audit),False,False,False
2024-07-01 19:56:41,True,True,DE,0,Baseline (Pre-Audit),False,False,False
2024-07-01 20:05:49,True,True,DE,22,Baseline (Pre-Audit),False,False,False
2024-07-03 12:29:25,False,False,Non-EU,0,Baseline (Pre-Audit),False,False,False
2024-07-03 18:29:12,True,True,DE,38,Baseline (Pre-Audit),False,False,False
2024-07-04 13:14:03,True,True,DE,2,Baseline (Pre-Audit),False,False,False
2024-07-04 14:08:02,True,True,DE,3356,Baseline (Pre-Audit),False,False,False
2024-07-04 17:11:08,True,True,DE,0,Baseline (Pre-Audit),False,False,False
2024-07-04 17:11:15,True,True,DE,24,Baseline (Pre-Audit),False,False,False
2024-07-05 20:14:37,True,True,DE,84,Baseline (Pre-Audit),False,False,False
2024-07-05 20:16:30,True,True,DE,69,Baseline (Pre-Audit),False,False,False
2024-07-05 20:22:20,True,True,DE,18,Baseline (Pre-Audit),False,False,False
2024-07-06 12:54:05,True,True,DE,408,Baseline (Pre-Audit),False,False,False
2024-07-07 14:40:20,True,True,DE,28,Baseline (Pre-Audit),False,False,False
2024-07-08 17:50:23,True,True,DE,129,Baseline (Pre-Audit),False,False,False
2024-07-08 17:54:40,True,True,DE,24,Baseline (Pre-Audit),False,False,False
2024-07-11 10:59:49,True,True,DE,41,Baseline (Pre-Audit),False,False,False
2024-07-11 12:54:50,True,True,DE,8,Baseline (Pre-Audit),False,False,False
2024-07-11 14:54:19,True,True,DE,284,Baseline (Pre-Audit),False,False,False
2024-07-11 16:42:45,True,True,DE,19,Baseline (Pre-Audit),False,False,False
2024-07-11 16:52:37,True,True,DE,88,Baseline (Pre-Audit),False,False,False
2024-07-12 11:47:01,True,True,DE,5,Baseline (Pre-Audit),False,False,False
2024-07-12 11:50:46,True,True,DE,0,Baseline (Pre-Audit),False,False,False
2024-07-12 11:50:58,True,True,DE,11,Baseline (Pre-Audit),False,False,False
2024-07-13 14:27:54,True,True,DE,80,Baseline (Pre-Audit),False,False,False
2024-07-13 14:34:15,True,True,DE,36,Baseline (Pre-Audit),False,False,False
2024-07-13 15:13:18,True,True,DE,22,Baseline (Pre-Audit),False,False,False
2024-07-14 11:20:37,True,True,DE,0,Baseline (Pre-Audit),False,False,False
2024-07-14 11:34:54,True,True,DE,0,Baseline (Pre-Audit),False,False,False
2024-07-14 11:35:51,True,True,DE,21,Baseline (Pre-Audit),False,False,False
2024-07-14 14:13:38,True,True,DE,0,Baseline (Pre-Audit),False,False,False
2024-07-14 14:19:26,True,True,DE,15,Baseline (Pre-Audit),False,False,False
2024-07-14 14:19:56,True,True,DE,241,Baseline (Pre-Audit),False,False,False
2024-07-14 15:07:50,True,True,DE,18,Baseline (Pre-Audit),False,False,False
2024-07-14 16:15:53,True,True,DE,35,Baseline (Pre-Audit),False,False,False
2024-07-14 17:16:51,True,True,DE,20,Baseline (Pre-Audit),False,False,False
2024-07-15 16:03:01,False,True,DE,36,Baseline (Pre-Audit),False,False,False
2024-07-16 17:49:28,True,True,DE,38,Baseline (Pre-Audit),False,False,False
2024-07-16 17:59:31,True,True,DE,1,Baseline (Pre-Audit),False,False,False
2024-07-17 16:46:01,True,True,DE,12,Baseline (Pre-Audit),False,False,False
2024-07-18 12:37:08,True,True,DE,26,Baseline (Pre-Audit),False,False,False
2024-07-18 13:08:52,True,True,DE,0,Baseline (Pre-Audit),False,False,False
2024-07-18 13:14:33,True,True,DE,4,Baseline (Pre-Audit),False,False,False
2024-07-18 13:15:04,True,True,DE,99,Baseline (Pre-Audit),False,False,False
2024-07-18 13:16:59,True,True,DE,13,Baseline (Pre-Audit),False,False,False
2024-07-18 13:18:37,True,True,DE,15,Baseline (Pre-Audit),False,False,False
2024-07-18 13:25:52,True,True,DE,0,Baseline (Pre-Audit),False,False,False
2024-07-18 13:33:51,True,True,DE,0,Baseline (Pre-Audit),False,False,False
2024-07-18 13:37:41,True,True,DE,28,Baseline (Pre-Audit),False,False,False
2024-07-18 13:48:10,True,True,DE,4,Baseline (Pre-Audit),False,False,False
2024-07-18 13:50:08,True,True,DE,2,Baseline (Pre-Audit),False,False,False
2024-07-18 13:51:19,True,True,DE,46,Baseline (Pre-Audit),False,False,False
2024-07-18 13:55:09,True,True,DE,20,Baseline (Pre-Audit),False,False,False
2024-07-18 18:11:08,True,True,DE,2,Baseline (Pre-Audit),False,False,False
2024-07-18 18:32:14,True,True,DE,16,Baseline (Pre-Audit),False,False,False
2024-07-18 20:23:54,True,True,DE,8,Baseline (Pre-Audit),False,False,False
2024-07-18 21:46:26,True,True,DE,0,Baseline (Pre-Audit),False,False,False
2024-07-20 11:19:06,True,True,DE,0,Baseline (Pre-Audit),False,False,False
2024-07-29 16:37:04,True,True,DE,14,Baseline (Pre-Audit),False,False,False
2024-07-29 18:57:34,True,True,DE,79,Baseline (Pre-Audit),False,False,False
2024-07-29 19:10:33,True,True,DE,150,Baseline (Pre-Audit),False,False,False
2024-07-31 13:21:20,False,False,Non-EU,0,Baseline (Pre-Audit),False,False,False
2024-07-31 18:52:01,True,True,DE,0,Baseline (Pre-Audit),False,False,False
2024-08-03 09:29:44,True,True,DE,0,Baseline (Pre-Audit),False,False,False
2024-08-03 09:45:55,True,True,DE,16,Baseline (Pre-Audit),False,False,False
2024-08-03 12:12:49,True,True,DE,0,Baseline (Pre-Audit),False,False,False
2024-08-12 14:55:13,True,True,DE,10,Baseline (Pre-Audit),False,False,False
2024-08-16 12:25:47,True,True,DE,25,Baseline (Pre-Audit),False,False,False
2024-08-16 20:33:47,True,True,DE,8,Baseline (Pre-Audit),False,False,False
2024-08-19 10:51:34,False,True,DE,0,Baseline (Pre-Audit),False,False,False
2024-08-19 10:52:20,False,True,DE,0,Baseline (Pre-Audit),False,False,False
2024-08-19 10:53:06,False,,,0,Baseline (Pre-Audit),False,False,False
2024-08-19 13:30:07,False,True,DE,20,Baseline (Pre-Audit),False,False,False
2024-08-19 15:20:17,False,True,DE,2081,Baseline (Pre-Audit),False,False,False
2024-08-27 11:55:45,True,True,DE,757,Baseline (Pre-Audit),False,False,False
2024-08-28 17:23:23,True,True,DE,25,Baseline (Pre-Audit),False,False,False
2024-08-29 15:34:14,False,True,DE,0,Baseline (Pre-Audit),False,False,False
2024-08-30 13:31:34,True,True,DE,1,Baseline (Pre-Audit),False,False,False
2024-08-30 14:13:18,False,True,DE,132,Baseline (Pre-Audit),False,False,False
2024-08-30 17:21:11,True,True,DE,0,Baseline (Pre-Audit),False,False,False
2024-08-30 19:10:14,True,True,DE,3,Baseline (Pre-Audit),False,False,False
2024-08-30 19:22:55,True,True,DE,36,Baseline (Pre-Audit),False,False,False
2024-08-31 11:32:40,True,True,DE,0,Baseline (Pre-Audit),False,False,False
2024-08-31 11:36:55,True,True,DE,40,Baseline (Pre-Audit),False,False,False
2024-08-31 11:58:02,True,True,DE,16,Baseline (Pre-Audit),False,False,False
2024-08-31 11:59:28,True,True,DE,6,Baseline (Pre-Audit),False,False,False
2024-08-31 13:44:28,True,True,DE,0,Baseline (Pre-Audit),False,False,False
2024-08-31 13:44:35,True,True,DE,98,Baseline (Pre-Audit),False,False,False
2024-08-31 13:56:30,True,False,Non-EU,0,Baseline (Pre-Audit),False,False,False
2024-08-31 13:57:22,True,True,DE,88,Baseline (Pre-Audit),False,False,False
2024-09-01 11:45:51,True,True,DE,46,Baseline (Pre-Audit),False,False,False
2024-09-02 08:59:34,False,True,DE,0,Baseline (Pre-Audit),False,False,False
2024-09-02 11:08:58,True,True,DE,2,Baseline (Pre-Audit),False,False,False
2024-09-02 11:25:32,True,True,DE,2,Baseline (Pre-Audit),False,False,False
2024-09-03 10:26:04,False,True,DE,59,Baseline (Pre-Audit),False,False,False
2024-09-04 08:12:39,False,True,DE,1983,Baseline (Pre-Audit),False,False,False
2024-09-04 14:38:17,False,True,DE,0,Baseline (Pre-Audit),False,False,False
2024-09-04 14:39:24,False,True,DE,0,Baseline (Pre-Audit),False,False,False
2024-09-04 15:29:45,False,True,DE,49,Baseline (Pre-Audit),False,False,False
2024-09-05 10:46:21,False,True,DE,32,Baseline (Pre-Audit),False,False,False
2024-09-05 10:47:04,False,True,DE,26,Baseline (Pre-Audit),False,False,False
2024-09-05 12:28:19,False,True,DE,618,Baseline (Pre-Audit),False,False,False
2024-09-05 12:44:15,False,True,DE,45,Baseline (Pre-Audit),False,False,False
2024-09-07 12:51:21,True,True,DE,22,Baseline (Pre-Audit),False,False,False
2024-09-07 12:53:31,True,True,DE,28,Baseline (Pre-Audit),False,False,False
2024-09-07 13:55:51,True,True,DE,15,Baseline (Pre-Audit),False,False,False
2024-09-07 18:10:07,True,True,DE,0,Baseline (Pre-Audit),False,False,False
2024-09-07 18:12:01,True,True,DE,4,Baseline (Pre-Audit),False,False,False
2024-09-08 11:51:02,True,True,DE,0,Baseline (Pre-Audit),False,False,False
2024-09-08 12:18:19,True,True,DE,52,Baseline (Pre-Audit),False,False,False
2024-09-08 14:41:49,True,True,DE,11,Baseline (Pre-Audit),False,False,False
2024-09-09 13:24:17,False,True,DE,332,Baseline (Pre-Audit),False,False,False
2024-09-09 15:34:25,False,True,DE,1351,Baseline (Pre-Audit),False,False,False
2024-09-09 15:36:33,True,True,DE,0,Baseline (Pre-Audit),False,False,False
2024-09-09 15:37:41,True,True,DE,0,Baseline (Pre-Audit),False,False,False
2024-09-09 15:57:33,True,True,DE,2,Baseline (Pre-Audit),False,False,False
2024-09-09 16:31:37,True,True,DE,2,Baseline (Pre-Audit),False,False,False
2024-09-09 17:08:41,True,True,DE,9,Baseline (Pre-Audit),False,False,False
2024-09-10 10:13:56,False,True,DE,0,Baseline (Pre-Audit),False,False,False
2024-09-10 14:34:51,True,True,DE,34,Baseline (Pre-Audit),False,False,False
2024-09-10 16:00:10,False,True,DE,0,Baseline (Pre-Audit),False,False,False
2024-09-11 12:23:18,False,True,DE,172,Baseline (Pre-Audit),False,False,False
2024-09-11 18:05:56,True,True,DE,20,Baseline (Pre-Audit),False,False,False
2024-09-11 21:29:16,True,True,DE,77,Baseline (Pre-Audit),False,False,False
2024-09-12 12:16:30,True,True,DE,0,Baseline (Pre-Audit),False,False,False
2024-09-12 12:20:21,True,True,DE,16,Baseline (Pre-Audit),False,False,False
2024-09-13 12:47:27,True,True,DE,2,Baseline (Pre-Audit),False,False,False
2024-09-13 14:11:50,True,True,DE,2,Baseline (Pre-Audit),False,False,False
2024-09-13 14:39:30,False,True,DE,527,Baseline (Pre-Audit),False,False,False
2024-09-14 12:20:25,True,True,DE,3,Baseline (Pre-Audit),False,False,False
2024-09-15 14:44:44,False,False,Non-EU,0,Baseline (Pre-Audit),False,False,False
2024-09-16 15:27:37,False,True,DE,0,Baseline (Pre-Audit),False,False,False
2024-09-16 16:06:12,False,True,DE,53,Baseline (Pre-Audit),False,False,False
2024-09-18 20:11:49,True,True,DE,6,Baseline (Pre-Audit),False,False,False
2024-09-24 08:43:51,False,True,DE,0,Baseline (Pre-Audit),False,False,False
2024-09-24 15:51:12,False,True,DE,0,Baseline (Pre-Audit),False,False,False
2024-09-26 15:47:21,False,True,DE,0,Baseline (Pre-Audit),False,False,False
2024-09-26 18:52:31,True,True,DE,97,Baseline (Pre-Audit),False,False,False
2024-09-27 15:41:04,True,True,DE,0,Baseline (Pre-Audit),False,False,False
2024-09-28 14:42:45,True,True,DE,3,Baseline (Pre-Audit),False,False,False
2024-09-28 14:43:15,True,True,DE,0,Baseline (Pre-Audit),False,False,False
2024-09-28 14:43:15,True,True,DE,0,Baseline (Pre-Audit),False,False,False
2024-09-28 14:43:19,True,True,DE,0,Baseline (Pre-Audit),False,False,False
2024-09-28 14:43:19,True,True,DE,0,Baseline (Pre-Audit),False,False,False
2024-09-28 14:43:30,True,True,DE,436,Baseline (Pre-Audit),False,False,False
2024-09-28 14:44:12,True,True,DE,0,Baseline (Pre-Audit),False,False,False
2024-09-29 12:59:30,True,True,DE,0,Baseline (Pre-Audit),False,False,False
2024-09-29 13:11:16,True,True,DE,20,Baseline (Pre-Audit),False,False,False
2024-09-29 13:48:46,True,True,DE,10,Baseline (Pre-Audit),False,False,False
2024-09-30 14:53:03,False,True,DE,372,Baseline (Pre-Audit),False,False,False
2024-10-01 15:39:29,False,True,DE,0,Baseline (Pre-Audit),False,False,False
2024-10-01 22:43:58,True,True,DE,18,Baseline (Pre-Audit),False,False,False
2024-10-02 14:58:07,False,True,DE,93,Baseline (Pre-Audit),False,False,False
2024-10-02 15:01:37,False,True,DE,96,Baseline (Pre-Audit),False,False,False
2024-10-04 20:06:20,True,True,DE,9,Baseline (Pre-Audit),False,False,False
2024-10-05 14:56:22,True,True,DE,34,Baseline (Pre-Audit),False,False,False
2024-10-08 15:52:52,False,True,DE,0,Baseline (Pre-Audit),False,False,False
2024-10-08 15:53:11,False,True,DE,0,Baseline (Pre-Audit),False,False,False
2024-10-09 14:04:37,True,True,DE,7,Baseline (Pre-Audit),False,False,False
2024-10-12 23:12:19,True,True,DE,0,Baseline (Pre-Audit),False,False,False
2024-10-13 14:42:56,False,False,Non-EU,0,Baseline (Pre-Audit),False,False,False
2024-10-15 11:40:10,False,,,0,Baseline (Pre-Audit),False,False,False
2024-10-15 12:41:51,False,True,DE,8,Baseline (Pre-Audit),False,False,False
2024-10-15 12:47:21,False,,,428,Baseline (Pre-Audit),False,False,False
2024-10-20 08:54:11,True,False,Non-EU,0,Baseline (Pre-Audit),False,False,False
2024-10-20 11:38:00,True,True,DE,0,Baseline (Pre-Audit),False,False,False
2024-10-20 13:37:57,True,True,DE,24,Baseline (Pre-Audit),False,False,False
2024-10-21 12:52:41,False,True,DE,0,Baseline (Pre-Audit),False,False,False
2024-10-21 15:26:39,False,True,DE,0,Baseline (Pre-Audit),False,False,False
2024-10-22 10:56:28,False,True,DE,0,Baseline (Pre-Audit),False,False,False
2024-10-22 10:57:14,False,True,DE,0,Baseline (Pre-Audit),False,False,False
2024-10-22 11:33:08,False,True,DE,4,Baseline (Pre-Audit),False,False,False
2024-10-22 11:33:39,False,True,DE,0,Baseline (Pre-Audit),False,False,False
2024-10-22 11:42:09,False,True,DE,803,Baseline (Pre-Audit),False,False,False
2024-10-23 15:13:06,False,True,DE,958,Baseline (Pre-Audit),False,False,False
2024-10-25 12:30:04,True,True,DE,805,Baseline (Pre-Audit),False,False,False
2024-10-25 12:30:04,True,True,DE,805,Baseline (Pre-Audit),False,False,False
2024-10-27 09:30:17,True,True,DE,106,Baseline (Pre-Audit),False,False,False
2024-10-27 11:05:49,True,True,DE,48,Baseline (Pre-Audit),False,False,False
2024-10-31 10:51:29,True,True,DE,117,Baseline (Pre-Audit),False,False,False
2024-10-31 13:18:23,True,True,DE,56,Baseline (Pre-Audit),False,False,False
2024-10-31 13:49:47,True,True,DE,14,Baseline (Pre-Audit),False,False,False
2024-11-01 14:45:37,False,True,DE,107,Baseline (Pre-Audit),False,False,False
2024-11-04 14:17:21,False,True,NL,6,Baseline (Pre-Audit),False,False,False
2024-11-08 11:19:47,False,True,DE,88,Baseline (Pre-Audit),False,False,False
2024-11-08 15:56:47,False,True,DE,0,Baseline (Pre-Audit),False,False,False
2024-11-08 16:04:28,False,True,DE,28,Baseline (Pre-Audit),False,False,False
2024-11-09 13:01:03,True,True,DE,85,Baseline (Pre-Audit),False,False,False
2024-11-09 22:22:10,True,True,DE,9,Baseline (Pre-Audit),False,False,False
2024-11-13 14:26:24,False,True,DE,707,Baseline (Pre-Audit),False,False,False
2024-11-14 13:11:31,True,True,DE,112,Baseline (Pre-Audit),False,False,False
2024-11-14 13:18:15,True,True,DE,0,Baseline (Pre-Audit),False,False,False
2024-11-14 13:18:45,True,True,DE,69,Baseline (Pre-Audit),False,False,False
2024-11-14 14:39:49,False,,,366,Baseline (Pre-Audit),False,False,False
2024-11-19 15:22:33,False,True,DE,82,Baseline (Pre-Audit),False,False,False
2024-11-21 12:37:23,False,True,DE,1289,Baseline (Pre-Audit),False,False,False
2024-11-21 16:48:38,False,True,PT,0,Baseline (Pre-Audit),False,False,False
2024-11-21 17:08:55,False,True,PT,0,Baseline (Pre-Audit),False,False,False
2024-11-21 17:15:34,False,True,PT,0,Baseline (Pre-Audit),False,False,False
2024-11-26 16:48:31,False,True,DE,79,Baseline (Pre-Audit),False,False,False
2024-11-27 12:48:50,False,True,DE,0,Baseline (Pre-Audit),False,False,False
2024-11-27 13:57:31,False,,,0,Baseline (Pre-Audit),False,False,False
2024-11-27 15:29:36,False,True,DE,348,Baseline (Pre-Audit),False,False,False
2024-11-27 15:35:52,False,,,168,Baseline (Pre-Audit),False,False,False
2024-11-27 18:21:23,True,True,DE,0,Baseline (Pre-Audit),False,False,False
2024-11-29 16:02:29,False,False,Non-EU,0,Baseline (Pre-Audit),False,False,False
2024-11-29 16:23:31,False,False,Non-EU,0,Baseline (Pre-Audit),False,False,False
2024-11-29 16:32:19,False,False,Non-EU,371,Baseline (Pre-Audit),False,False,False
2024-11-30 13:57:51,True,True,DE,54,Baseline (Pre-Audit),False,False,False
2024-11-30 13:59:23,True,True,DE,113,Baseline (Pre-Audit),False,False,False
2024-11-30 14:05:32,True,True,DE,9,Baseline (Pre-Audit),False,False,False
2024-11-30 14:07:46,True,True,DE,173,Baseline (Pre-Audit),False,False,False
2024-11-30 14:11:26,True,True,DE,7,Baseline (Pre-Audit),False,False,False
2024-11-30 22:04:24,True,True,DE,19,Baseline (Pre-Audit),False,False,False
2024-12-01 11:55:49,True,True,DE,0,Baseline (Pre-Audit),False,False,False
2024-12-01 12:00:40,True,True,DE,213,Baseline (Pre-Audit),False,False,False
2024-12-02 13:29:06,False,True,DE,0,Baseline (Pre-Audit),False,False,False
2024-12-02 13:48:58,False,True,DE,4,Baseline (Pre-Audit),False,False,False
2024-12-02 13:55:33,False,True,DE,293,Baseline (Pre-Audit),False,False,False
2024-12-03 10:26:08,False,True,DE,0,Baseline (Pre-Audit),False,False,False
2024-12-03 10:26:35,False,True,DE,0,Baseline (Pre-Audit),False,False,False
2024-12-03 11:22:27,False,True,DE,782,Baseline (Pre-Audit),False,False,False
2024-12-03 16:36:11,True,True,DE,13,Baseline (Pre-Audit),False,False,False
2024-12-03 18:39:37,True,True,DE,1089,Baseline (Pre-Audit),False,False,False
2024-12-05 11:18:28,True,True,DE,0,Baseline (Pre-Audit),False,False,False
2024-12-07 21:04:06,True,True,DE,0,Baseline (Pre-Audit),False,False,False
2024-12-08 13:33:16,True,True,DE,0,Baseline (Pre-Audit),False,False,False
2024-12-09 11:39:29,True,True,DE,0,Baseline (Pre-Audit),False,False,False
2024-12-10 12:29:44,True,True,DE,18,Baseline (Pre-Audit),False,False,False
2024-12-10 13:57:53,False,True,DE,0,Baseline (Pre-Audit),False,False,False
2024-12-10 14:30:19,False,True,DE,0,Baseline (Pre-Audit),False,False,False
2024-12-10 14:51:27,False,True,DE,47,Baseline (Pre-Audit),False,False,False
2024-12-11 13:00:57,True,True,DE,1206,Baseline (Pre-Audit),False,False,False
2024-12-12 09:40:37,False,False,Non-EU,0,Baseline (Pre-Audit),False,False,False
2024-12-12 10:06:44,False,True,DE,0,Baseline (Pre-Audit),False,False,False
2024-12-12 10:32:22,False,False,Non-EU,4,Baseline (Pre-Audit),False,False,False
2024-12-12 10:32:37,False,True,DE,2,Baseline (Pre-Audit),False,False,False
2024-12-12 10:48:21,False,True,DE,0,Baseline (Pre-Audit),False,False,False
2024-12-12 10:50:27,False,True,DE,149,Baseline (Pre-Audit),False,False,False
2024-12-12 10:52:15,False,True,DE,0,Baseline (Pre-Audit),False,False,False
2024-12-12 10:53:08,False,True,DE,2,Baseline (Pre-Audit),False,False,False
2024-12-12 10:54:28,False,True,DE,175,Baseline (Pre-Audit),False,False,False
2024-12-20 14:45:32,False,True,EE,0,Baseline (Pre-Audit),False,False,False
2024-12-20 16:00:18,True,True,DE,102,Baseline (Pre-Audit),False,False,False
2024-12-20 16:41:57,True,True,DE,0,Baseline (Pre-Audit),False,False,False
2024-12-21 13:24:19,True,True,DE,0,Baseline (Pre-Audit),False,False,False
2024-12-21 13:26:38,True,True,DE,0,Baseline (Pre-Audit),False,False,False
2024-12-21 13:27:07,True,True,DE,0,Baseline (Pre-Audit),False,False,False
2024-12-21 13:28:29,True,True,DE,0,Baseline (Pre-Audit),False,False,False
2024-12-21 13:32:47,True,True,DE,0,Baseline (Pre-Audit),False,False,False
2024-12-21 13:42:34,True,True,DE,0,Baseline (Pre-Audit),False,False,False
2024-12-21 13:42:45,False,True,EE,0,Baseline (Pre-Audit),False,False,False
2024-12-21 13:42:58,True,True,DE,0,Baseline (Pre-Audit),False,False,False
2024-12-23 11:42:26,True,True,DE,0,Baseline (Pre-Audit),False,False,False
2024-12-23 13:27:05,True,True,DE,16,Baseline (Pre-Audit),False,False,False
2024-12-23 17:29:28,True,True,DE,15,Baseline (Pre-Audit),False,False,False
2024-12-29 14:25:19,True,True,DE,25,Baseline (Pre-Audit),False,False,False
2024-12-29 17:25:02,True,True,DE,960,Baseline (Pre-Audit),False,False,False
2025-01-07 20:56:09,True,True,DE,14,Baseline (Pre-Audit),False,False,False
2025-01-07 21:08:01,True,True,DE,75,Baseline (Pre-Audit),False,False,False
2025-01-08 15:47:29,False,True,DE,0,Baseline (Pre-Audit),False,False,False
2025-01-13 10:40:05,False,True,DE,0,Baseline (Pre-Audit),False,False,False
2025-01-13 11:07:48,False,False,Non-EU,119,Baseline (Pre-Audit),False,False,False
2025-01-15 09:31:02,False,True,DE,87,Baseline (Pre-Audit),False,False,False
2025-01-17 17:12:01,True,True,DE,6,Baseline (Pre-Audit),False,False,False
2025-01-17 18:29:53,False,True,DE,142,Baseline (Pre-Audit),False,False,False
2025-01-20 20:32:21,True,True,DE,18,Baseline (Pre-Audit),False,False,False
2025-01-22 06:53:06,True,True,DE,9,Baseline (Pre-Audit),False,False,False
2025-01-22 07:08:04,True,True,DE,0,Baseline (Pre-Audit),False,False,False
2025-01-22 07:09:01,True,True,DE,0,Baseline (Pre-Audit),False,False,False
2025-01-22 07:11:27,True,True,DE,134,Baseline (Pre-Audit),False,False,False
2025-01-22 10:36:00,False,True,DE,177,Baseline (Pre-Audit),False,False,False
2025-01-22 20:37:51,True,True,DE,653,Baseline (Pre-Audit),False,False,False
2025-01-24 09:43:33,False,True,DE,152,Baseline (Pre-Audit),False,False,False
2025-01-29 07:12:27,True,True,DE,48,Baseline (Pre-Audit),False,False,False
2025-01-29 19:39:47,True,True,DE,6,Baseline (Pre-Audit),False,False,False
2025-01-30 17:11:46,True,True,DE,0,Baseline (Pre-Audit),False,False,False
2025-01-31 07:50:25,True,True,DE,0,Baseline (Pre-Audit),False,False,False
2025-01-31 07:51:25,True,True,DE,33,Baseline (Pre-Audit),False,False,False
2025-01-31 08:22:40,True,True,DE,36,Baseline (Pre-Audit),False,False,False
2025-01-31 11:01:12,False,True,DE,0,Baseline (Pre-Audit),False,False,False
2025-01-31 12:10:19,True,True,DE,55,Baseline (Pre-Audit),False,False,False
2025-02-01 18:04:32,True,True,DE,88,Baseline (Pre-Audit),False,False,False
2025-02-01 18:15:59,True,True,DE,97,Baseline (Pre-Audit),False,False,False
2025-02-01 18:25:47,True,True,DE,2,Baseline (Pre-Audit),False,False,False
2025-02-05 07:12:10,True,True,DE,0,Baseline (Pre-Audit),False,False,False
2025-02-05 07:13:26,True,True,DE,0,Baseline (Pre-Audit),False,False,False
2025-02-05 07:19:54,True,True,DE,0,Baseline (Pre-Audit),False,False,False
2025-02-05 07:21:01,True,True,DE,0,Baseline (Pre-Audit),False,False,False
2025-02-05 07:28:34,True,True,DE,0,Baseline (Pre-Audit),False,False,False
2025-02-05 07:28:44,True,True,DE,27,Baseline (Pre-Audit),False,False,False
2025-02-06 19:00:01,True,True,DE,14,Baseline (Pre-Audit),False,False,False
2025-02-07 15:20:25,True,True,DE,220,Baseline (Pre-Audit),False,False,False
2025-02-07 19:55:28,True,True,DE,123,Baseline (Pre-Audit),False,False,False
2025-02-09 18:54:02,True,True,DE,0,Baseline (Pre-Audit),False,False,False
2025-02-09 18:55:04,True,True,DE,1441,Baseline (Pre-Audit),False,False,False
2025-02-10 11:13:11,False,True,EE,0,Baseline (Pre-Audit),False,False,False
2025-02-10 11:13:21,False,True,EE,0,Baseline (Pre-Audit),False,False,False
2025-02-10 11:13:31,False,True,EE,0,Baseline (Pre-Audit),False,False,False
2025-02-10 11:19:27,False,True,DE,0,Baseline (Pre-Audit),False,False,False
2025-02-11 13:39:12,True,True,DE,2,Baseline (Pre-Audit),False,False,False
2025-02-12 07:46:50,True,True,DE,0,Baseline (Pre-Audit),False,False,False
2025-02-12 08:00:59,True,True,DE,0,Baseline (Pre-Audit),False,False,False
2025-02-15 11:04:00,True,True,DE,3,Baseline (Pre-Audit),False,False,False
2025-02-15 11:04:59,True,True,DE,52,Baseline (Pre-Audit),False,False,False
2025-02-15 11:52:32,True,True,DE,10,Baseline (Pre-Audit),False,False,False
2025-02-15 13:48:08,True,True,DE,0,Baseline (Pre-Audit),False,False,False
2025-02-15 13:48:08,True,True,DE,0,Baseline (Pre-Audit),False,False,False
2025-02-15 13:48:11,True,True,DE,26,Baseline (Pre-Audit),False,False,False
2025-02-15 13:48:55,True,True,DE,0,Baseline (Pre-Audit),False,False,False
2025-02-15 13:49:01,True,True,DE,47,Baseline (Pre-Audit),False,False,False
2025-02-15 13:49:03,True,True,DE,0,Baseline (Pre-Audit),False,False,False
2025-02-15 13:57:56,True,True,DE,78,Baseline (Pre-Audit),False,False,False
2025-02-16 12:14:24,True,True,DE,11,Baseline (Pre-Audit),False,False,False
2025-02-16 12:14:53,True,True,DE,32,Baseline (Pre-Audit),False,False,False
2025-02-21 14:44:37,False,True,DE,0,Baseline (Pre-Audit),False,False,False
2025-02-21 20:09:43,False,True,DE,0,Baseline (Pre-Audit),False,False,False
2025-02-21 20:09:55,True,True,DE,0,Baseline (Pre-Audit),False,False,False
2025-02-21 20:11:23,True,True,DE,0,Baseline (Pre-Audit),False,False,False
2025-02-23 18:58:00,True,True,DE,11,Baseline (Pre-Audit),False,False,False
2025-02-25 08:03:48,False,True,DE,0,Baseline (Pre-Audit),False,False,False
2025-02-25 08:04:58,False,True,DE,0,Baseline (Pre-Audit),False,False,False
2025-02-25 12:36:35,False,True,DE,58,Baseline (Pre-Audit),False,False,False
2025-02-25 12:42:13,False,True,DE,0,Baseline (Pre-Audit),False,False,False
2025-02-25 12:42:33,False,True,DE,109,Baseline (Pre-Audit),False,False,False
2025-02-25 17:27:42,True,True,DE,26,Baseline (Pre-Audit),False,False,False
2025-02-26 18:46:30,True,True,DE,32,Baseline (Pre-Audit),False,False,False
2025-03-01 11:08:46,True,True,DE,176,Baseline (Pre-Audit),False,False,False
2025-03-01 15:00:21,False,True,DE,14,Baseline (Pre-Audit),False,False,False
2025-03-02 16:32:02,True,True,DE,8,Baseline (Pre-Audit),False,False,False
2025-03-02 21:35:06,True,True,DE,0,Baseline (Pre-Audit),False,False,False
2025-03-05 15:50:55,True,True,DE,0,Baseline (Pre-Audit),False,False,False
2025-03-06 11:26:11,False,True,DE,0,Baseline (Pre-Audit),False,False,False
2025-03-06 12:24:12,False,False,Non-EU,696,Baseline (Pre-Audit),False,False,False
2025-03-06 15:48:40,False,True,DE,49,Baseline (Pre-Audit),False,False,False
2025-03-07 11:24:37,False,False,Non-EU,141,Baseline (Pre-Audit),False,False,False
2025-03-07 16:12:59,False,True,DE,44,Baseline (Pre-Audit),False,False,False
2025-03-09 00:10:46,True,True,DE,3,Baseline (Pre-Audit),False,False,False
2025-03-11 12:21:08,True,True,DE,0,Baseline (Pre-Audit),False,False,False
2025-03-11 12:55:33,False,False,Non-EU,418,Baseline (Pre-Audit),False,False,False
2025-03-12 21:38:10,True,True,DE,0,Baseline (Pre-Audit),False,False,False
2025-03-12 22:14:27,True,True,DE,3,Baseline (Pre-Audit),False,False,False
2025-03-14 13:45:50,True,True,DE,60,Baseline (Pre-Audit),False,False,False
2025-03-14 20:07:40,True,True,DE,78,Baseline (Pre-Audit),False,False,False
2025-03-16 14:03:29,True,True,DE,24,Baseline (Pre-Audit),False,False,False
2025-03-17 19:35:46,False,True,DE,65,Baseline (Pre-Audit),False,False,False
2025-03-18 09:22:52,True,True,DE,85,Baseline (Pre-Audit),False,False,False
2025-03-18 11:09:54,False,True,DE,0,Baseline (Pre-Audit),False,False,False
2025-03-18 11:10:40,False,True,DE,0,Baseline (Pre-Audit),False,False,False
2025-03-20 22:48:07,True,True,DE,0,Baseline (Pre-Audit),False,False,False
2025-03-22 10:16:41,True,True,DE,13,Baseline (Pre-Audit),False,False,False
2025-03-24 20:06:00,True,True,DE,67,Baseline (Pre-Audit),False,False,False
2025-03-25 16:40:52,True,True,DE,42,Baseline (Pre-Audit),False,False,False
2025-03-28 13:37:16,True,True,DE,44,Baseline (Pre-Audit),False,False,False
2025-03-28 22:30:55,True,True,DE,15,Baseline (Pre-Audit),False,False,False
2025-03-29 11:14:25,True,True,DE,0,Baseline (Pre-Audit),False,False,False
2025-03-29 11:23:39,True,True,DE,321,Baseline (Pre-Audit),False,False,False
2025-03-30 20:40:49,True,True,DE,0,Baseline (Pre-Audit),False,False,False
2025-04-03 18:06:38,True,True,DE,0,Baseline (Pre-Audit),False,False,False
2025-04-03 18:11:31,True,True,DE,39,Baseline (Pre-Audit),False,False,False
2025-04-03 18:32:52,True,True,DE,14,Baseline (Pre-Audit),False,False,False
2025-04-05 00:25:02,True,True,DE,135,Baseline (Pre-Audit),False,False,False
2025-04-05 09:50:09,True,True,DE,34,Baseline (Pre-Audit),False,False,False
2025-04-05 21:21:14,True,True,DE,8,Baseline (Pre-Audit),False,False,False
2025-04-06 15:22:04,False,True,DE,210,Baseline (Pre-Audit),False,False,False
2025-04-06 18:08:34,True,True,DE,0,Baseline (Pre-Audit),False,False,False
2025-04-07 14:27:34,False,True,DE,115,Baseline (Pre-Audit),False,False,False
2025-04-09 17:59:12,True,True,DE,51,Baseline (Pre-Audit),False,False,False
2025-04-10 21:47:14,True,True,DE,5,Baseline (Pre-Audit),False,False,False
2025-04-11 18:58:01,True,True,DE,0,Baseline (Pre-Audit),False,False,False
2025-04-11 19:06:29,True,True,DE,23,Baseline (Pre-Audit),False,False,False
2025-04-11 19:14:05,True,True,DE,277,Baseline (Pre-Audit),False,False,False
2025-04-12 12:31:21,True,True,DE,41,Baseline (Pre-Audit),False,False,False
2025-04-12 13:00:34,True,True,DE,37,Baseline (Pre-Audit),False,False,False
2025-04-13 12:37:51,True,True,DE,786,Baseline (Pre-Audit),False,False,False
2025-04-13 14:07:46,True,True,DE,0,Baseline (Pre-Audit),False,False,False
2025-04-13 14:08:19,True,True,DE,113,Baseline (Pre-Audit),False,False,False
2025-04-17 13:04:13,False,True,DE,60,Baseline (Pre-Audit),False,False,False
2025-04-17 13:05:29,False,True,DE,41,Baseline (Pre-Audit),False,False,False
2025-04-17 13:58:41,True,True,DE,200,Baseline (Pre-Audit),False,False,False
2025-04-17 15:01:07,True,True,DE,0,Baseline (Pre-Audit),False,False,False
2025-04-17 15:10:25,True,True,DE,796,Baseline (Pre-Audit),False,False,False
2025-04-17 15:24:02,True,True,DE,14,Baseline (Pre-Audit),False,False,False
2025-04-17 15:48:08,True,True,DE,194,Baseline (Pre-Audit),False,False,False
2025-04-17 17:48:10,True,True,DE,0,Baseline (Pre-Audit),False,False,False
2025-04-17 18:00:55,True,True,DE,419,Baseline (Pre-Audit),False,False,False
2025-04-17 20:24:54,True,True,DE,0,Baseline (Pre-Audit),False,False,False
2025-04-18 18:31:10,True,True,DE,0,Baseline (Pre-Audit),False,False,False
2025-04-18 18:31:11,True,True,DE,0,Baseline (Pre-Audit),False,False,False
2025-04-18 18:35:34,True,True,DE,21,Baseline (Pre-Audit),False,False,False
2025-04-18 18:48:20,True,True,DE,10,Baseline (Pre-Audit),False,False,False
2025-04-19 13:57:08,True,True,DE,13,Baseline (Pre-Audit),False,False,False
2025-04-19 14:59:04,True,True,DE,44,Baseline (Pre-Audit),False,False,False
2025-04-19 15:15:14,True,True,DE,170,Baseline (Pre-Audit),False,False,False
2025-04-20 10:37:10,True,True,DE,0,Baseline (Pre-Audit),False,False,False
2025-04-20 10:38:08,True,True,DE,0,Baseline (Pre-Audit),False,False,False
2025-04-20 10:38:46,True,True,DE,7,Baseline (Pre-Audit),False,False,False
2025-04-20 10:39:17,True,True,DE,9,Baseline (Pre-Audit),False,False,False
2025-04-20 15:56:13,True,True,DE,11,Baseline (Pre-Audit),False,False,False
2025-04-21 19:09:05,True,True,DE,33,Baseline (Pre-Audit),False,False,False
2025-04-22 19:36:31,False,True,DE,0,Baseline (Pre-Audit),False,False,False
2025-04-23 11:14:39,False,True,DE,0,Baseline (Pre-Audit),False,False,False
2025-04-23 12:09:17,True,True,DE,0,Baseline (Pre-Audit),False,False,False
2025-04-23 12:09:41,True,True,DE,0,Baseline (Pre-Audit),False,False,False
2025-04-23 12:10:49,False,True,DE,0,Baseline (Pre-Audit),False,False,False
2025-04-23 12:11:35,False,True,DE,0,Baseline (Pre-Audit),False,False,False
2025-04-23 19:17:25,True,True,DE,154,Baseline (Pre-Audit),False,False,False
2025-04-25 19:30:20,True,True,DE,0,Baseline (Pre-Audit),False,False,False
2025-04-25 19:30:20,True,True,DE,52,Baseline (Pre-Audit),False,False,False
2025-04-25 19:40:28,True,True,DE,85,Baseline (Pre-Audit),False,False,False
2025-04-25 19:50:48,True,True,DE,0,Baseline (Pre-Audit),False,False,False
2025-04-25 19:51:12,True,True,DE,0,Baseline (Pre-Audit),False,False,False
2025-04-25 19:54:20,True,True,DE,21,Baseline (Pre-Audit),False,False,False
2025-04-26 11:34:44,True,True,DE,52,Baseline (Pre-Audit),False,False,False
2025-04-26 13:20:08,True,True,DE,290,Baseline (Pre-Audit),False,False,False
2025-04-26 17:32:08,True,True,DE,34,Baseline (Pre-Audit),False,False,False
2025-04-26 17:32:55,True,True,DE,0,Baseline (Pre-Audit),False,False,False
2025-04-26 17:33:14,True,True,DE,0,Baseline (Pre-Audit),False,False,False
2025-04-26 17:33:33,True,True,DE,0,Baseline (Pre-Audit),False,False,False
2025-04-26 17:33:53,True,True,DE,57,Baseline (Pre-Audit),False,False,False
2025-04-27 15:08:37,True,True,DE,182,Baseline (Pre-Audit),False,False,False
2025-04-28 11:46:14,True,True,DE,0,Baseline (Pre-Audit),False,False,False
2025-04-28 12:00:20,True,True,DE,174,Baseline (Pre-Audit),False,False,False
2025-04-28 12:02:11,False,True,DE,0,Baseline (Pre-Audit),False,False,False
2025-04-28 13:52:17,False,True,DK,1384,Baseline (Pre-Audit),False,False,False
2025-04-29 16:55:25,True,True,DE,13,Baseline (Pre-Audit),False,False,False
2025-04-29 17:01:12,True,True,DE,6,Baseline (Pre-Audit),False,False,False
2025-04-29 20:09:53,True,True,DE,12,Baseline (Pre-Audit),False,False,False
2025-04-30 09:06:50,False,True,DK,0,Baseline (Pre-Audit),False,False,False
2025-04-30 09:44:35,False,True,DK,13,Baseline (Pre-Audit),False,False,False
2025-04-30 09:48:30,False,True,DK,24,Baseline (Pre-Audit),False,False,False
2025-04-30 09:51:14,False,True,DK,16,Baseline (Pre-Audit),False,False,False
2025-04-30 09:53:25,False,True,DK,0,Baseline (Pre-Audit),False,False,False
2025-04-30 10:31:55,False,True,DK,139,Baseline (Pre-Audit),False,False,False
2025-04-30 19:12:25,True,True,DE,0,Baseline (Pre-Audit),False,False,False
2025-05-01 11:43:24,False,True,DE,0,Baseline (Pre-Audit),False,False,False
2025-05-02 10:33:21,False,True,DE,0,Baseline (Pre-Audit),False,False,False
2025-05-02 10:46:09,False,True,DE,0,Baseline (Pre-Audit),False,False,False
2025-05-02 22:38:25,True,True,DE,0,Baseline (Pre-Audit),False,False,False
2025-05-03 12:25:29,False,,,0,Baseline (Pre-Audit),False,False,False
2025-05-03 17:11:22,False,True,DE,124,Baseline (Pre-Audit),False,False,False
2025-05-05 12:01:54,False,True,DE,0,Baseline (Pre-Audit),False,False,False
2025-05-07 09:21:07,True,True,DE,77,Baseline (Pre-Audit),False,False,False
2025-05-07 18:07:48,True,True,DE,173,Baseline (Pre-Audit),False,False,False
2025-05-07 18:07:48,True,True,DE,173,Baseline (Pre-Audit),False,False,False
2025-05-09 15:10:29,True,True,DE,20,Baseline (Pre-Audit),False,False,False
2025-05-09 18:39:18,True,True,DE,0,Baseline (Pre-Audit),False,False,False
2025-05-11 15:54:50,True,True,DE,76,Baseline (Pre-Audit),False,False,False
2025-05-12 12:06:55,False,True,DE,0,Baseline (Pre-Audit),False,False,False
2025-05-21 18:40:17,True,True,DE,0,Baseline (Pre-Audit),False,False,False
2025-05-21 18:40:18,True,True,DE,0,Baseline (Pre-Audit),False,False,False
2025-05-21 18:40:28,True,True,DE,0,Baseline (Pre-Audit),False,False,False
2025-05-21 19:10:18,True,True,DE,70,Baseline (Pre-Audit),False,False,False
2025-05-22 19:48:11,True,True,DE,15,Baseline (Pre-Audit),False,False,False
2025-05-22 19:52:50,True,True,DE,0,Baseline (Pre-Audit),False,False,False
2025-05-24 14:50:21,True,True,DE,5,Baseline (Pre-Audit),False,False,False
2025-05-28 16:37:15,True,True,DE,0,Baseline (Pre-Audit),False,False,False
2025-05-28 16:38:02,True,True,DE,0,Baseline (Pre-Audit),False,False,False
2025-05-28 16:38:43,True,True,DE,0,Baseline (Pre-Audit),False,False,False
2025-05-28 16:39:04,True,True,DE,0,Baseline (Pre-Audit),False,False,False
2025-05-28 16:51:47,True,True,DE,0,Baseline (Pre-Audit),False,False,False
2025-05-28 16:52:58,True,True,DE,0,Baseline (Pre-Audit),False,False,False
2025-05-28 16:57:15,True,True,DE,0,Baseline (Pre-Audit),False,False,False
2025-05-28 17:02:12,True,True,DE,0,Baseline (Pre-Audit),False,False,False
2025-05-28 17:02:55,True,True,DE,31,Baseline (Pre-Audit),False,False,False
2025-05-29 13:33:03,True,True,DE,159,Baseline (Pre-Audit),False,False,False
2025-05-31 11:11:34,True,True,DE,83,Baseline (Pre-Audit),False,False,False
2025-05-31 17:27:13,True,True,DE,20,Baseline (Pre-Audit),False,False,False
2025-05-31 17:28:24,True,True,DE,97,Baseline (Pre-Audit),False,False,False
2025-05-31 18:03:01,True,True,DE,0,Baseline (Pre-Audit),False,False,False
2025-06-01 19:37:42,True,True,DE,0,Baseline (Pre-Audit),False,False,False
2025-06-07 11:01:02,True,True,DE,25,Baseline (Pre-Audit),False,False,False
2025-06-07 13:44:06,True,True,DE,0,Baseline (Pre-Audit),False,False,False
2025-06-07 13:44:07,True,True,DE,12,Baseline (Pre-Audit),False,False,False
2025-06-17 12:32:51,True,True,DE,0,Baseline (Pre-Audit),False,False,False
2025-06-17 12:52:18,True,True,DE,736,Baseline (Pre-Audit),False,False,False
2025-06-19 18:17:36,True,True,DE,1,Baseline (Pre-Audit),False,False,False
2025-06-19 20:42:33,True,True,DE,466,Baseline (Pre-Audit),False,False,False
2025-06-20 20:09:19,True,True,DE,261,Baseline (Pre-Audit),False,False,False
2025-06-23 13:35:21,False,True,DE,108,Baseline (Pre-Audit),False,False,False
2025-06-23 17:00:43,False,True,DE,967,Baseline (Pre-Audit),False,False,False
2025-06-24 18:33:46,True,True,DE,31,Baseline (Pre-Audit),False,False,False
2025-06-27 19:49:22,True,True,DE,9,Baseline (Pre-Audit),False,False,False
2025-06-27 19:49:50,True,True,DE,0,Baseline (Pre-Audit),False,False,False
2025-06-28 13:04:04,True,True,DE,34,Baseline (Pre-Audit),False,False,False
2025-06-28 13:25:00,True,True,DE,10,Baseline (Pre-Audit),False,False,False
2025-06-28 13:39:43,True,True,DE,55,Baseline (Pre-Audit),False,False,False
2025-07-03 10:20:02,True,True,DE,12,Baseline (Pre-Audit),False,False,False
2025-07-03 10:29:47,True,True,DE,20,Baseline (Pre-Audit),False,False,False
2025-07-06 14:56:39,True,True,DE,342,Baseline (Pre-Audit),False,False,False
2025-07-08 10:20:36,True,True,DE,133,Baseline (Pre-Audit),False,False,False
2025-07-08 10:25:16,True,True,DE,82,Baseline (Pre-Audit),False,False,False
2025-07-09 18:41:05,True,True,DE,0,Baseline (Pre-Audit),False,False,False
2025-07-09 18:46:40,True,True,DE,0,Baseline (Pre-Audit),False,False,False
2025-07-11 16:07:25,True,True,DE,122,Baseline (Pre-Audit),False,False,False
2025-07-15 11:52:03,False,True,DE,0,Baseline (Pre-Audit),False,False,False
2025-07-15 16:06:14,False,True,DE,11,Baseline (Pre-Audit),False,False,False
2025-07-16 15:34:22,False,True,DE,203,Baseline (Pre-Audit),False,False,False
2025-07-16 18:42:30,True,True,DE,0,Baseline (Pre-Audit),False,False,False
2025-07-16 19:05:35,True,True,DE,110,Baseline (Pre-Audit),False,False,False
2025-07-18 12:52:54,False,True,DE,62,Baseline (Pre-Audit),False,False,False
2025-07-18 13:27:52,False,True,DE,175,Baseline (Pre-Audit),False,False,False
2025-07-18 15:20:22,True,True,DE,34,Baseline (Pre-Audit),False,False,False
2025-07-19 09:10:01,True,True,DE,26,Baseline (Pre-Audit),False,False,True
2025-07-19 20:44:13,True,True,DE,306,Baseline (Pre-Audit),False,False,True
2025-07-20 20:50:44,True,True,DE,108,Baseline (Pre-Audit),False,False,True
2025-07-21 09:48:58,False,,,0,Baseline (Pre-Audit),False,False,True
2025-07-21 09:50:02,False,,,659,Baseline (Pre-Audit),False,False,True
2025-07-22 16:14:16,True,True,DE,0,Baseline (Pre-Audit),False,False,True
2025-07-24 15:42:02,True,True,DE,99,Baseline (Pre-Audit),False,False,True
2025-07-28 11:12:57,True,True,DE,26,Baseline (Pre-Audit),False,False,True
2025-07-28 16:08:46,True,True,DE,15,Baseline (Pre-Audit),False,False,True
2025-07-28 19:16:33,True,True,DE,0,Baseline (Pre-Audit),False,False,True
2025-07-28 19:18:48,True,True,DE,103,Baseline (Pre-Audit),False,False,True
2025-07-30 12:39:39,True,True,DK,0,Baseline (Pre-Audit),False,False,True
2025-07-30 21:40:15,False,True,DK,13,Baseline (Pre-Audit),False,False,True
2025-07-30 21:40:30,True,True,DK,0,Baseline (Pre-Audit),False,False,True
2025-07-31 19:37:13,True,True,DE,0,Baseline (Pre-Audit),False,True,True
2025-07-31 19:37:59,True,True,DE,5,Baseline (Pre-Audit),False,True,True
2025-07-31 19:38:34,True,True,DE,0,Baseline (Pre-Audit),False,True,True
2025-08-03 19:37:56,True,True,DE,29,Phase 1: Invisible (RU/BY),True,True,True
2025-08-03 20:18:43,True,True,DE,0,Phase 1: Invisible (RU/BY),True,True,True
2025-08-03 21:14:45,True,True,DE,0,Phase 1: Invisible (RU/BY),True,True,True
2025-08-04 11:27:32,False,True,DE,0,Phase 1: Invisible (RU/BY),True,True,True
2025-08-04 14:02:21,False,True,PL,0,Phase 1: Invisible (RU/BY),True,True,True
2025-08-04 21:19:41,True,True,DE,154,Phase 1: Invisible (RU/BY),True,True,True
2025-08-05 15:27:39,False,True,DE,26,Phase 1: Invisible (RU/BY),True,True,True
2025-08-05 18:23:04,True,True,DE,132,Phase 1: Invisible (RU/BY),True,True,True
2025-08-05 22:14:37,True,True,DE,0,Phase 1: Invisible (RU/BY),True,True,True
2025-08-06 10:08:29,True,True,DE,0,Phase 1: Invisible (RU/BY),False,True,True
2025-08-06 10:56:07,True,True,DE,0,Phase 1: Invisible (RU/BY),False,True,True
2025-08-06 21:33:12,True,True,DE,8,Phase 1: Invisible (RU/BY),False,True,True
2025-08-06 21:34:42,True,True,DE,7,Phase 1: Invisible (RU/BY),False,True,True
2025-08-07 14:30:31,True,True,DE,133,Phase 1: Invisible (RU/BY),False,False,True
2025-08-07 15:14:00,True,True,DE,53,Phase 1: Invisible (RU/BY),False,False,True
2025-08-07 16:54:56,True,True,DE,121,Phase 1: Invisible (RU/BY),False,False,True
2025-08-08 16:33:31,True,True,DE,30,Phase 1: Invisible (RU/BY),False,False,True
2025-08-09 13:17:48,True,True,DE,117,Phase 1: Invisible (RU/BY),False,False,True
2025-08-09 16:35:28,True,True,DE,0,Phase 1: Invisible (RU/BY),False,False,True
2025-08-09 17:09:20,True,True,DE,78,Phase 1: Invisible (RU/BY),False,False,True
2025-08-09 18:26:58,True,True,DE,0,Phase 1: Invisible (RU/BY),False,False,True
2025-08-09 18:29:55,True,True,DE,17,Phase 1: Invisible (RU/BY),False,False,True
2025-08-13 11:38:46,True,True,DE,16,Phase 1: Invisible (RU/BY),False,False,True
2025-08-13 11:39:16,True,True,DE,0,Phase 1: Invisible (RU/BY),False,False,True
2025-08-13 11:39:28,True,True,DE,0,Phase 1: Invisible (RU/BY),False,False,True
2025-08-13 11:39:29,True,True,DE,80,Phase 1: Invisible (RU/BY),False,False,True
2025-08-13 11:45:05,True,True,DE,14,Phase 1: Invisible (RU/BY),False,False,True
2025-08-13 11:56:04,True,True,DE,19,Phase 1: Invisible (RU/BY),False,False,True
2025-08-13 11:57:02,True,True,DE,37,Phase 1: Invisible (RU/BY),False,False,True
2025-08-13 15:36:42,True,True,DE,27,Phase 1: Invisible (RU/BY),False,False,True
2025-08-13 19:39:20,True,True,DE,214,Phase 1: Invisible (RU/BY),False,False,True
2025-08-13 19:39:23,True,True,DE,0,Phase 1: Invisible (RU/BY),False,False,True
2025-08-13 20:21:06,True,True,DE,180,Phase 1: Invisible (RU/BY),False,False,True
2025-08-14 14:58:08,False,,,0,Phase 1: Invisible (RU/BY),False,False,True
2025-08-15 13:41:12,False,,,0,Phase 1: Invisible (RU/BY),False,False,True
2025-08-15 13:41:12,False,,,0,Phase 1: Invisible (RU/BY),False,False,True
2025-08-15 13:41:15,True,True,DE,0,Phase 1: Invisible (RU/BY),False,False,True
2025-08-16 14:17:43,True,True,DE,0,Phase 1: Invisible (RU/BY),False,False,True
2025-08-17 14:07:10,True,True,DE,12,Phase 1: Invisible (RU/BY),False,False,True
2025-08-17 14:07:37,True,True,DE,12,Phase 1: Invisible (RU/BY),False,False,True
2025-08-19 14:27:29,False,,,0,Phase 1: Invisible (RU/BY),False,False,False
2025-08-19 14:27:45,False,,,7,Phase 1: Invisible (RU/BY),False,False,False
2025-08-20 11:15:34,False,True,PL,8,Phase 1: Invisible (RU/BY),False,False,False
2025-08-20 13:20:40,False,True,DE,57,Phase 1: Invisible (RU/BY),False,False,False
2025-08-20 13:23:04,False,True,DE,9,Phase 1: Invisible (RU/BY),False,False,False
2025-08-20 16:41:14,True,True,DE,293,Phase 1: Invisible (RU/BY),False,False,False
2025-08-20 20:06:16,True,True,DE,0,Phase 1: Invisible (RU/BY),False,False,False
2025-08-21 11:26:58,False,True,DE,75,Phase 1: Invisible (RU/BY),False,False,False
2025-08-21 11:29:06,False,True,DE,323,Phase 1: Invisible (RU/BY),False,False,False
2025-08-21 12:33:58,False,True,DE,209,Phase 1: Invisible (RU/BY),False,False,False
2025-08-26 19:35:07,True,True,DE,0,Phase 1: Invisible (RU/BY),False,False,False
2025-08-27 14:36:35,True,True,DE,42,Phase 1: Invisible (RU/BY),False,False,False
2025-08-29 11:00:52,False,True,DE,19,Phase 1: Invisible (RU/BY),False,False,False
2025-08-29 12:45:33,False,True,DE,67,Phase 1: Invisible (RU/BY),False,False,False
2025-08-29 18:28:48,True,True,DE,82,Phase 1: Invisible (RU/BY),False,False,False
2025-08-29 19:27:21,True,True,DE,0,Phase 1: Invisible (RU/BY),False,False,False
2025-08-30 13:31:51,True,True,DE,0,Phase 1: Invisible (RU/BY),False,False,False
2025-08-30 13:40:44,True,True,DE,46,Phase 1: Invisible (RU/BY),False,False,False
2025-09-02 15:41:00,True,True,DE,20,Phase 1: Invisible (RU/BY),False,False,True
2025-09-04 10:30:04,True,True,DE,0,Phase 1: Invisible (RU/BY),False,False,True
2025-09-04 10:34:34,True,True,DE,22,Phase 1: Invisible (RU/BY),False,False,True
2025-09-04 17:59:02,True,True,DE,22,Phase 1: Invisible (RU/BY),False,False,True
2025-09-04 18:00:28,True,True,DE,61,Phase 1: Invisible (RU/BY),False,False,True
2025-09-05 12:39:40,True,True,DE,104,Phase 1: Invisible (RU/BY),False,False,True
2025-09-05 15:52:20,True,True,DE,0,Phase 1: Invisible (RU/BY),False,False,True
2025-09-07 19:07:01,True,True,DE,0,Phase 1: Invisible (RU/BY),False,False,True
2025-09-07 19:08:11,True,True,DE,0,Phase 1: Invisible (RU/BY),False,False,True
2025-09-08 10:45:03,True,False,Non-EU,14,Phase 1: Invisible (RU/BY),False,False,True
2025-09-08 13:03:19,True,True,DE,0,Phase 1: Invisible (RU/BY),False,False,True
2025-09-08 13:05:08,True,True,DE,90,Phase 1: Invisible (RU/BY),False,False,True
2025-09-08 15:52:45,True,True,DE,0,Phase 1: Invisible (RU/BY),False,False,True
2025-09-08 15:52:46,True,True,DE,0,Phase 1: Invisible (RU/BY),False,False,True
2025-09-08 16:30:44,True,True,DE,0,Phase 1: Invisible (RU/BY),False,False,True
2025-09-08 16:31:45,True,True,DE,0,Phase 1: Invisible (RU/BY),False,False,True
2025-09-08 16:37:24,True,True,DE,0,Phase 1: Invisible (RU/BY),False,False,True
2025-09-09 00:33:18,False,True,DE,0,Phase 1: Invisible (RU/BY),False,False,True
2025-09-09 17:13:56,True,,,52,Phase 1: Invisible (RU/BY),False,False,True
2025-09-09 17:15:02,True,,,401,Phase 1: Invisible (RU/BY),False,False,True
2025-09-10 00:55:21,False,True,DE,0,Phase 1: Invisible (RU/BY),False,False,True
2025-09-10 17:25:51,False,True,DE,0,Phase 1: Invisible (RU/BY),False,False,True
2025-09-11 12:00:24,False,True,DE,0,Phase 1: Invisible (RU/BY),False,False,True
2025-09-11 12:01:05,False,True,DE,0,Phase 1: Invisible (RU/BY),False,False,True
2025-09-11 12:06:17,False,True,DE,0,Phase 1: Invisible (RU/BY),False,False,True
2025-09-11 14:42:43,False,True,DE,0,Phase 1: Invisible (RU/BY),False,False,True
2025-09-12 12:53:07,True,True,DE,35,Phase 1: Invisible (RU/BY),False,False,True
2025-09-12 13:15:48,True,True,DE,0,Phase 1: Invisible (RU/BY),False,False,True
2025-09-12 13:22:01,True,True,DE,0,Phase 1: Invisible (RU/BY),False,False,True
2025-09-13 12:45:04,True,True,DE,47,Phase 1: Invisible (RU/BY),False,True,True
2025-09-16 12:47:51,True,True,DE,29,Phase 2: Visible (DE/UA/Public),True,True,True
2025-09-16 13:22:53,True,True,DE,0,Phase 2: Visible (DE/UA/Public),True,True,True
2025-09-16 20:53:14,True,True,DE,620,Phase 2: Visible (DE/UA/Public),True,True,True
2025-09-18 00:00:42,True,True,DE,56,Phase 2: Visible (DE/UA/Public),True,True,True
2025-09-20 12:21:46,True,True,DE,15,Phase 2: Visible (DE/UA/Public),True,True,True
2025-09-21 20:55:16,False,True,DE,0,Phase 2: Visible (DE/UA/Public),True,True,True
2025-09-21 20:55:23,False,True,DE,273,Phase 2: Visible (DE/UA/Public),True,True,True
2025-09-21 21:00:07,False,True,DE,256,Phase 2: Visible (DE/UA/Public),True,True,True
2025-09-21 21:04:34,False,True,DE,492,Phase 2: Visible (DE/UA/Public),True,True,True
2025-09-21 21:13:07,False,True,DE,174,Phase 2: Visible (DE/UA/Public),True,True,True
2025-09-23 17:57:04,True,True,DE,0,Phase 2: Visible (DE/UA/Public),False,False,True
2025-09-23 17:57:51,True,True,DE,245,Phase 2: Visible (DE/UA/Public),False,False,True
2025-09-24 12:00:55,True,True,DE,0,Phase 2: Visible (DE/UA/Public),False,False,True
2025-09-26 11:51:15,True,True,DE,23,Phase 2: Visible (DE/UA/Public),False,False,True
2025-09-26 12:35:26,True,True,DE,549,Phase 2: Visible (DE/UA/Public),False,False,True
2025-09-27 12:22:46,True,True,DE,0,Phase 2: Visible (DE/UA/Public),False,False,True
2025-09-27 12:43:01,True,True,DE,0,Phase 2: Visible (DE/UA/Public),False,False,True
2025-09-27 13:35:45,True,True,DE,50,Phase 2: Visible (DE/UA/Public),False,False,True
2025-09-27 17:23:35,True,True,DE,15,Phase 2: Visible (DE/UA/Public),False,False,True
2025-09-30 11:25:47,True,True,DE,0,Phase 2: Visible (DE/UA/Public),False,False,True
2025-09-30 11:28:50,True,True,DE,0,Phase 2: Visible (DE/UA/Public),False,False,True
2025-09-30 11:31:18,True,True,DE,0,Phase 2: Visible (DE/UA/Public),False,False,True
2025-10-01 15:20:47,True,True,DE,120,Phase 2: Visible (DE/UA/Public),False,False,True
2025-10-01 19:37:19,True,True,DE,22,Phase 2: Visible (DE/UA/Public),False,False,True
2025-10-01 19:44:13,True,True,DE,19,Phase 2: Visible (DE/UA/Public),False,False,True
2025-10-02 14:56:46,True,True,DE,0,Phase 2: Visible (DE/UA/Public),False,False,True
2025-10-04 16:41:00,True,True,DE,98,Phase 2: Visible (DE/UA/Public),False,False,True
2025-10-04 18:14:11,True,True,DE,73,Phase 2: Visible (DE/UA/Public),False,False,True
2025-10-06 09:43:47,False,True,DE,138,Phase 2: Visible (DE/UA/Public),False,False,False
2025-10-07 07:59:14,True,True,DE,32,Phase 2: Visible (DE/UA/Public),False,False,False
2025-10-07 08:00:40,True,True,DE,41,Phase 2: Visible (DE/UA/Public),False,False,False
2025-10-07 10:10:31,True,True,DE,32,Phase 2: Visible (DE/UA/Public),False,False,False
2025-10-07 19:42:41,True,True,DE,83,Phase 2: Visible (DE/UA/Public),False,False,False
2025-10-08 09:17:54,True,True,DE,39,Phase 2: Visible (DE/UA/Public),False,False,False
2025-10-08 09:20:23,True,True,DE,12,Phase 2: Visible (DE/UA/Public),False,False,False
2025-10-08 10:02:35,True,True,DE,19,Phase 2: Visible (DE/UA/Public),False,False,False
2025-10-11 16:31:23,True,True,DE,0,Phase 2: Visible (DE/UA/Public),False,False,False
2025-10-12 02:22:13,True,True,DE,0,Phase 2: Visible (DE/UA/Public),False,False,False
2025-10-12 12:05:58,True,True,DE,0,Phase 2: Visible (DE/UA/Public),False,False,False
2025-10-12 14:16:29,True,True,DE,0,Phase 2: Visible (DE/UA/Public),False,False,False
2025-10-12 14:22:20,True,True,DE,145,Phase 2: Visible (DE/UA/Public),False,False,False
2025-10-14 15:42:03,True,True,DE,105,Phase 2: Visible (DE/UA/Public),False,False,False
2025-10-14 20:20:06,True,True,DE,10,Phase 2: Visible (DE/UA/Public),False,False,False
2025-10-17 10:49:30,False,True,DE,0,Phase 2: Visible (DE/UA/Public),False,False,False
2025-10-18 18:04:06,True,True,DE,60,Phase 2: Visible (DE/UA/Public),False,False,False
2025-10-18 18:29:55,True,True,DE,166,Phase 2: Visible (DE/UA/Public),False,False,False
2025-10-19 14:27:05,True,True,DE,168,Phase 2: Visible (DE/UA/Public),False,False,False
2025-10-20 15:14:20,True,True,DE,69,Phase 2: Visible (DE/UA/Public),False,False,False
2025-10-20 18:18:02,True,True,DE,24,Phase 2: Visible (DE/UA/Public),False,False,False
2025-10-20 18:48:18,True,True,DE,34,Phase 2: Visible (DE/UA/Public),False,False,False
2025-10-23 14:13:47,True,True,DE,0,Phase 2: Visible (DE/UA/Public),False,False,False
2025-10-29 11:49:27,False,True,DE,0,Phase 2: Visible (DE/UA/Public),False,False,False
2025-10-29 11:49:27,False,True,DE,0,Phase 2: Visible (DE/UA/Public),False,False,False
2025-10-29 11:50:18,False,True,DE,38,Phase 2: Visible (DE/UA/Public),False,False,False
2025-10-29 12:04:47,False,False,Non-EU,531,Phase 2: Visible (DE/UA/Public),False,False,False
2025-10-29 13:36:52,True,True,DE,68,Phase 2: Visible (DE/UA/Public),False,False,False
2025-10-31 11:20:26,True,True,DE,95,Phase 2: Visible (DE/UA/Public),False,False,False
2025-10-31 11:30:14,True,True,DE,69,Phase 2: Visible (DE/UA/Public),False,False,False
2025-11-01 11:21:55,True,True,DE,0,Phase 2: Visible (DE/UA/Public),False,False,False
2025-11-01 11:27:22,True,True,DE,0,Phase 2: Visible (DE/UA/Public),False,False,False
2025-11-01 11:31:38,True,True,DE,22,Phase 2: Visible (DE/UA/Public),False,False,False
2025-11-02 12:38:10,False,True,PL,0,Phase 2: Visible (DE/UA/Public),False,False,False
2025-11-04 16:12:24,False,True,DE,0,Phase 2: Visible (DE/UA/Public),False,False,True
2025-11-04 17:42:27,True,True,DE,0,Phase 2: Visible (DE/UA/Public),False,False,True
2025-11-04 17:58:38,True,True,DE,6,Phase 2: Visible (DE/UA/Public),False,False,True
2025-11-05 10:37:48,False,True,DE,0,Phase 2: Visible (DE/UA/Public),False,False,True
2025-11-05 13:46:32,False,True,DE,0,Phase 2: Visible (DE/UA/Public),False,False,True
2025-11-05 17:50:08,True,True,DE,103,Phase 2: Visible (DE/UA/Public),False,False,True
2025-11-06 16:12:01,True,True,DE,10,Phase 2: Visible (DE/UA/Public),False,False,True
2025-11-06 18:34:04,True,True,DE,17,Phase 2: Visible (DE/UA/Public),False,False,True
2025-11-06 21:24:26,True,True,DE,20,Phase 2: Visible (DE/UA/Public),False,False,True
2025-11-07 11:33:39,False,True,DE,0,Phase 2: Visible (DE/UA/Public),False,False,True
2025-11-07 19:53:17,True,True,DE,44,Phase 2: Visible (DE/UA/Public),False,False,True
2025-11-08 13:10:57,True,True,DE,155,Phase 2: Visible (DE/UA/Public),False,False,True
2025-11-08 18:35:29,True,True,DE,56,Phase 2: Visible (DE/UA/Public),False,False,True
2025-11-08 19:16:00,True,True,DE,20,Phase 2: Visible (DE/UA/Public),False,False,True
2025-11-09 14:16:04,True,True,DE,30,Phase 2: Visible (DE/UA/Public),False,False,True
2025-11-10 08:29:40,False,True,DE,0,Phase 2: Visible (DE/UA/Public),False,False,True
2025-11-12 10:52:38,False,,,0,Phase 2: Visible (DE/UA/Public),False,False,True
2025-11-19 09:59:19,True,True,DE,20,Phase 3: Manifestation (Performance/AGI),True,True,True
2025-11-19 10:29:45,True,True,DE,28,Phase 3: Manifestation (Performance/AGI),True,True,True
2025-11-19 10:53:59,False,,,0,Phase 3: Manifestation (Performance/AGI),True,True,True
2025-11-20 07:42:22,True,True,DE,16,Phase 3: Manifestation (Performance/AGI),True,True,True
2025-11-23 16:32:31,False,,,0,Phase 3: Manifestation (Performance/AGI),False,False,True
2025-11-24 13:55:34,False,True,DE,0,Phase 3: Manifestation (Performance/AGI),False,False,True
2025-11-25 11:07:04,True,True,DE,0,Phase 3: Manifestation (Performance/AGI),False,False,True
2025-11-26 11:42:23,False,True,DE,0,Phase 3: Manifestation (Performance/AGI),False,False,True
2025-11-28 15:46:47,False,True,DE,0,Phase 3: Manifestation (Performance/AGI),False,False,True
2025-11-29 13:40:58,True,True,DE,38,Phase 3: Manifestation (Performance/AGI),False,False,True
2025-12-02 18:17:30,True,True,DE,0,Phase 3: Manifestation (Performance/AGI),False,False,True
2025-12-03 21:33:28,True,True,DE,0,Phase 3: Manifestation (Performance/AGI),False,False,True
2025-12-04 17:27:15,False,True,DE,0,Phase 3: Manifestation (Performance/AGI),False,False,True
2025-12-07 13:14:57,True,True,DE,36,Phase 3: Manifestation (Performance/AGI),False,False,False
2025-12-07 13:22:36,True,True,DE,10,Phase 3: Manifestation (Performance/AGI),False,False,False
2025-12-10 16:55:01,True,True,DE,0,Phase 3: Manifestation (Performance/AGI),False,False,False
2025-12-10 18:35:31,True,True,DE,84,Phase 3: Manifestation (Performance/AGI),False,False,False
2025-12-11 12:57:14,False,True,DE,0,Phase 3: Manifestation (Performance/AGI),False,False,False
2025-12-11 13:39:41,True,True,DE,19,Phase 3: Manifestation (Performance/AGI),False,False,False
2025-12-11 13:47:43,True,True,DE,41,Phase 3: Manifestation (Performance/AGI),False,False,False
2025-12-11 16:59:36,True,True,DE,0,Phase 3: Manifestation (Performance/AGI),False,False,False
2025-12-11 18:52:19,True,True,DE,230,Phase 3: Manifestation (Performance/AGI),False,False,False
2025-12-15 11:42:53,True,True,DE,148,Phase 3: Manifestation (Performance/AGI),False,False,False
2025-12-15 14:16:32,True,True,DE,148,Phase 3: Manifestation (Performance/AGI),False,False,False
2025-12-16 14:22:34,True,True,DE,597,Phase 3: Manifestation (Performance/AGI),False,False,False
2025-12-17 11:32:28,False,True,DE,151,Phase 3: Manifestation (Performance/AGI),False,False,False
2025-12-17 14:47:22,False,True,DE,469,Phase 3: Manifestation (Performance/AGI),False,False,False
2025-12-20 12:23:44,False,True,DE,109,Phase 3: Manifestation (Performance/AGI),False,False,False
2025-12-21 11:29:10,False,True,DE,68,Phase 3: Manifestation (Performance/AGI),False,False,False
2025-12-21 13:36:42,True,True,DE,214,Phase 3: Manifestation (Performance/AGI),False,False,False
2025-12-22 10:53:46,True,False,Non-EU,41,Phase 3: Manifestation (Performance/AGI),False,False,False
2025-12-22 11:44:52,True,False,Non-EU,19,Phase 3: Manifestation (Performance/AGI),False,False,False
2025-12-22 13:20:51,True,True,DE,0,Phase 3: Manifestation (Performance/AGI),False,False,False
2025-12-22 13:28:37,True,True,DE,11,Phase 3: Manifestation (Performance/AGI),False,False,False
2025-12-22 13:42:14,True,True,DE,5,Phase 3: Manifestation (Performance/AGI),False,False,False
2025-12-22 15:50:04,True,False,Non-EU,84,Phase 3: Manifestation (Performance/AGI),False,False,False
2025-12-22 16:01:58,True,False,Non-EU,10,Phase 3: Manifestation (Performance/AGI),False,False,False
2025-12-24 15:22:01,True,False,Non-EU,27,Phase 3: Manifestation (Performance/AGI),False,False,True
2025-12-26 18:05:55,True,False,Non-EU,0,Phase 3: Manifestation (Performance/AGI),False,False,True
2025-12-28 20:28:26,True,True,DE,0,Phase 3: Manifestation (Performance/AGI),False,False,True
2025-12-29 11:42:37,False,True,DE,41,Phase 3: Manifestation (Performance/AGI),False,False,True
2025-12-29 18:20:44,True,True,DE,0,Phase 3: Manifestation (Performance/AGI),False,False,True
2026-01-05 09:16:54,False,True,DE,593,Phase 3: Manifestation (Performance/AGI),True,True,True
2026-01-05 20:57:58,True,True,DE,4,Phase 3: Manifestation (Performance/AGI),True,True,True
2026-01-06 12:25:01,False,,,0,Phase 3: Manifestation (Performance/AGI),True,True,True
2026-01-06 14:45:10,False,,,0,Phase 3: Manifestation (Performance/AGI),True,True,True
2026-01-06 14:45:52,False,,,0,Phase 3: Manifestation (Performance/AGI),True,True,True
2026-01-10 13:00:34,True,True,DE,35,Phase 3: Manifestation (Performance/AGI),False,True,True
2026-01-14 18:25:08,True,True,DE,55,Phase 3: Manifestation (Performance/AGI),True,True,True
2026-01-14 18:25:08,True,True,DE,55,Phase 3: Manifestation (Performance/AGI),True,True,True
2026-01-16 09:43:47,False,True,DE,462,Phase 3: Manifestation (Performance/AGI),True,True,True
2026-01-18 13:41:10,True,True,DE,89,Phase 3: Manifestation (Performance/AGI),False,True,True
2026-01-18 14:38:57,True,True,DE,32,Phase 3: Manifestation (Performance/AGI),False,True,True
2026-01-18 14:54:32,True,True,DE,13,Phase 3: Manifestation (Performance/AGI),False,True,True
2026-01-20 15:32:26,True,True,DE,136,Phase 3: Manifestation (Performance/AGI),False,False,True
2026-01-31 17:49:25,True,True,DE,32,Phase 3: Manifestation (Performance/AGI),False,False,False
2026-02-01 13:29:56,True,True,DE,35,Phase 3: Manifestation (Performance/AGI),False,False,False
2026-02-01 16:21:15,True,True,DE,53,Phase 3: Manifestation (Performance/AGI),False,False,False
2026-02-02 20:25:36,True,True,DE,23,Phase 3: Manifestation (Performance/AGI),False,False,False
2026-02-09 09:30:57,False,True,DE,0,Phase 3: Manifestation (Performance/AGI),False,False,True
2026-02-09 09:32:47,False,True,DE,98,Phase 3: Manifestation (Performance/AGI),False,False,True
2026-02-10 17:59:39,True,True,DE,271,Phase 3: Manifestation (Performance/AGI),False,False,True
2026-02-12 12:22:33,True,True,DE,31,Phase 3: Manifestation (Performance/AGI),False,False,True
2026-02-15 14:44:31,True,True,DE,77,Phase 3: Manifestation (Performance/AGI),False,False,True
2026-02-17 11:02:53,True,True,DE,0,Phase 3: Manifestation (Performance/AGI),False,False,True
2026-02-17 17:19:46,True,False,Non-EU,0,Phase 3: Manifestation (Performance/AGI),False,False,True
2026-02-17 19:41:13,True,True,DE,108,Phase 3: Manifestation (Performance/AGI),False,False,True
2026-02-17 19:44:09,True,True,DE,0,Phase 3: Manifestation (Performance/AGI),False,False,True
2026-02-17 19:44:26,True,True,DE,44,Phase 3: Manifestation (Performance/AGI),False,False,True
2026-02-21 20:39:58,True,True,DE,100,Phase 3: Manifestation (Performance/AGI),False,True,True
2026-02-21 21:14:18,True,True,DE,27,Phase 3: Manifestation (Performance/AGI),False,True,True
2026-02-23 09:23:37,False,True,DE,44,Phase 3: Manifestation (Performance/AGI),True,True,True
2026-02-27 07:58:17,True,True,DE,0,Phase 3: Manifestation (Performance/AGI),True,True,True
2026-02-27 07:59:43,True,True,DE,0,Phase 3: Manifestation (Performance/AGI),True,True,True
2026-02-27 09:43:55,True,True,DE,97,Phase 3: Manifestation (Performance/AGI),True,True,True
2026-02-27 16:25:34,False,True,AT,0,Phase 3: Manifestation (Performance/AGI),True,True,True
2026-02-27 16:26:17,False,True,AT,0,Phase 3: Manifestation (Performance/AGI),True,True,True
2026-02-27 18:28:31,True,True,DE,34,Phase 3: Manifestation (Performance/AGI),True,True,True
2026-02-28 21:34:45,True,True,DE,0,Out of range,True,True,True
2026-03-01 10:18:13,True,True,DE,202,Out of range,True,True,True
2026-03-01 10:18:13,True,True,DE,202,Out of range,True,True,True
2026-03-01 14:35:06,True,True,DE,40,Out of range,True,True,True
