query,publishedAt,title,channelTitle,url,description
тцк,2025-11-15T06:47:20Z,#тцк #бусификация #харьков #новыедома #бульварюрьева #комунальная,egoisT,https://www.youtube.com/watch?v=g18_GwLz4w0,
тцк,2025-11-15T03:57:17Z,ТЦКашники це військові чи мародери? Підпишись🔥щоб бути в курсі подій #бусификация #бусифікація #тцк,Реалії України 🇺🇦,https://www.youtube.com/watch?v=tMkgX1JQZPo,
бусификация,2025-11-14T12:04:47Z,Бусификация. Последствия ,Mazur Vox | Live,https://www.youtube.com/watch?v=Hy-4gRTC81E,
бусификация,2025-11-14T06:07:15Z,Девушку а брали ТЦК  #бусификация #тцк,Borsch Production,https://www.youtube.com/watch?v=24Mb8yKm8IY,
бусификация,2025-11-14T05:52:11Z,Женщину забрали ТЦК #бусификация #тцк,Borsch Production,https://www.youtube.com/watch?v=ktBZ7SNm19I,
бусификация,2025-11-14T02:26:31Z,АНДРЕЙ ЛУГАНСКИЙ - ХРОНИКИ БУСИФИКАЦИИ    LIVE для своих   Альтернативный Единый Марафон,ТурбоУхилянт,https://www.youtube.com/watch?v=BH5asHq_Zgo,АНДРЕЙ ЛУГАНСКИЙ - ХРОНИКИ БУСИФИКАЦИИ LIVE для своих Альтернативный Единый Марафон Видео взято с ...
бусификация,2025-11-13T16:20:22Z,Реальне ставлення поліції до військових.Підпишись🚨підтримай поширення #бусификация #бусифікація,ЗлийКіт,https://www.youtube.com/watch?v=Q5eZ39pBlw4,
бусификация,2025-11-13T11:57:21Z,Жінка до останнього захищала чоловіка від ТЦК.Підпишись🚨підтримай поширенням#бусификация#бусифікація,ЗлийКіт,https://www.youtube.com/watch?v=JS1iHPc9Ic4,
бусификация,2025-11-13T11:50:30Z,Зупинило ТЦК...Підпишись🚨підтримай поширення #бусификация #бусифікація #тцк,ЗлийКіт,https://www.youtube.com/watch?v=5GtzgFpRvkU,
бусификация,2025-11-13T11:22:30Z,ТЦК не очікувало камер...Підпишись🚨підтримай поширення#бусифікація #тцк#бусификация,ЗлийКіт,https://www.youtube.com/watch?v=03gmhAGJweo,
бусификация,2025-11-13T11:09:10Z,🤔Поліція заробляє криваву копійочку⁉️Підпишись🔥щоб бути в курсі подій #бусификация #бусифікація #тцк,Реалії України 🇺🇦,https://www.youtube.com/watch?v=EaGBpKTGQqs,
бусификация,2025-11-13T11:02:45Z,🤯ТЦК плати поліції за громадян⁉️Підпишись🔥щоб бути в курсі подій #бусификация #бусифікація #тцк,Реалії України 🇺🇦,https://www.youtube.com/watch?v=_P4S67-nwsQ,
бусификация,2025-11-13T09:35:41Z,Бологов Сергей Александрович 66 омбр #бусификация #война #зсу #пленныевсу #лиман #бездомные #всу,Устами ПЛЕННОГО,https://www.youtube.com/watch?v=ZqrpRTU1Wvc,"Небанальная история - вышел с рехаба, оказался в окопе..."
бусификация,2025-11-12T16:59:53Z,🤯Реальне оповіщення.Підпишись‼️щоб бути в курсі подій #бусификация #бусифікація #тцк,Реалії України 🇺🇦,https://www.youtube.com/watch?v=bPh5eQkgc8g,
бусификация,2025-11-12T15:08:32Z,Тцк хотело запихнуть в бус. Бусификация,Paragliding. ua,https://www.youtube.com/watch?v=4M7cH2OdSEM,
бусификация,2025-11-12T04:20:35Z,Образцово-показательная бусификация &quot;добровольца&quot; в Волыни #тцк #войнавукраине2025 #зеленский,БусификаторUA,https://www.youtube.com/watch?v=PMB9ou6bDJY,
бусификация,2025-11-12T03:29:16Z,Цього разу йому пощастило...Підпишись🔥щоб бути в курсі подій #бусификация #бусифікація #тцк,Реалії України 🇺🇦,https://www.youtube.com/watch?v=KIvruhQU6y0,
бусификация,2025-11-12T01:33:12Z,Женщину забрали ТЦК #бусификация #тцк,Borsch Production,https://www.youtube.com/watch?v=mxg26YbxBxo,
бусификация,2025-11-12T01:32:09Z,Беременную бусифицировали ТЦК #бусификация #тцк,Borsch Production,https://www.youtube.com/watch?v=cnnIdiJ8Ya4,
бусификация,2025-11-11T17:12:42Z,Николаев. Бусификация, WAR in UKRAINE 2022 !,https://www.youtube.com/watch?v=3MIKkGzCJyw,ВСЕМ КТО ХОЧЕТ ПОМОЧЬ ЛЮДЯМ ВЫЖИТЬ : TO EVERYONE WHO WANTS TO HELP PEOPLE SURVIVE: MONOBANK ...
бусификация,2025-11-11T17:10:12Z,Бусификация прямо на глазах у ребенка. Одесса, WAR in UKRAINE 2022 !,https://www.youtube.com/watch?v=9tPnzYetR5c,ВСЕМ КТО ХОЧЕТ ПОМОЧЬ ЛЮДЯМ ВЫЖИТЬ : TO EVERYONE WHO WANTS TO HELP PEOPLE SURVIVE: MONOBANK ...
бусификация,2025-11-11T09:00:35Z,Сапожко Сергей Валентинович 66 ОМБр #бусификация #война #зсу #пленныевсу #лиман #всу,Устами ПЛЕННОГО,https://www.youtube.com/watch?v=G_cBCb9I_xU,"Как мог скрывался от ТЦК, но с каждым днем это все сложнее и сложнее..."
бусификация,2025-11-10T21:21:22Z,Беспредел ТЦК в УКРАИНЕ / ПОХИЩЕНИЕ МУЖИКОВ /(Бусификация)- РЕАКЦИЯ 2 часть,Crepy_YT 🅥,https://www.youtube.com/watch?v=IoJ5t997wWU,"В этом ролике мы посмотрим работу ТЦК в Украине, так называемую БУСИФИКАЦИЮ, в городе Одесса, так как давно ..."
бусификация,2025-11-10T21:03:51Z,10-11-2025 Как Анджелина Джоли посетила Украину!#стасайкакпросто #бусификация #украина#сво,sastik,https://www.youtube.com/watch?v=58Zy9pyw14c,телеграм: СТАС БОМБИТ Сасфликс - sasflix.ru vkvideo.ru/@ikakprosto vkvideo.ru/@algoritm_101.
бусификация,2025-11-10T16:30:30Z,"Где пропадал Жан Новосельцев и канал ДНК? Аресты,суды и бусификация",Вадим Шегалов.Оккультные игры элиты ,https://www.youtube.com/watch?v=dC452tbzptk,Жан Новосельцев official Моно 4441111124545561 https://www.youtube.com/channel/UC-eATckeBKeBBFxZ3pzVcug ...
тцк,2025-11-16T21:21:55Z,Генерал Ивашов | Аналог ТЦК в России ,Генерал Ивашов,https://www.youtube.com/watch?v=KMvZzmXNVRI,"Внимание, ценители геополитики и истории! Вы ждали этого момента! Электронная версия новой книги Леонида ..."
тцк,2025-11-16T19:49:43Z,САМВЕЛ АДАМЯН ТРОИХ ИЗ ТЕАТРА ЗАБРАЛО ТЦК. ПОЧЕМУ У САМВЕЛА БРОНЬ? УСТРОИЛ ИСТЕРИКУ ИЗ ЗА ФОТО,Скрытая Камера,https://www.youtube.com/watch?v=AJMQeLH5jvc,ВИДЕО НЕСЕТ РАЗВЛЕКАТЕЛЬНЫЙ ХАРАКТЕР ВСЕ ИМЕНА И СОБЫТИЯ ВЫДУМАНЫ. ЛЮБЫЕ СОВПАДЕНИЯ С ...
тцк,2025-11-16T18:40:00Z,АНДЖЕЛІНА ДЖОЛІ – в ТЦК! За що затримали охоронця? | ТАРАС ЧОРНОВІЛ @SerhiyMamaiev,5 канал,https://www.youtube.com/watch?v=R9FX911f_3U,"Відео надано каналом @SerhiyMamaiev Про програму ""Врятуй Кінцівку"": https://houp.org/uk/medical_billion/ Задонатити на ..."
тцк,2025-11-16T18:06:33Z,Суд и ТЦК,Адвокат Олег Лукьянчиков,https://www.youtube.com/watch?v=Dcpt9aQKIos,Суд и ТЦК. ☎️0️⃣6️⃣6️⃣5️⃣5️⃣5️⃣1️⃣0️⃣2️⃣0️⃣   консультация адвоката. #лукьянчиков ...
тцк,2025-11-16T18:01:15Z,Соц Опрос: ТЦК на Улицах Украины,Vladys Vox,https://www.youtube.com/watch?v=0NjXC3YXdbE,
тцк,2025-11-16T17:57:44Z,Львівське ТЦК хотіли мене мобілізувати.,Dnepr Kremea,https://www.youtube.com/watch?v=ssep_rjl3eE,Беспредел Львівського ТЦК з поліцією 13.11.2025.
тцк,2025-11-16T17:01:22Z,БЕСПРЕДЕЛ ТЦК И ПОЛИЦИИ В УКРАИНЕ 🔥 БЕЗЗАКОНИЕ ПО ВСЕЙ СТРАНЕ ,dmpro,https://www.youtube.com/watch?v=CCsAU2ny-rk,ВСЕМ ПРИВЕТ СПАСИБО ЗА ПОМОЩЬ КАРТА : 4400 0055 5351 9510 ССЫЛКА НА ТГ КАНАЛ ...
тцк,2025-11-16T17:00:06Z,Чоловіка викрав ТЦК?! Мер Дубна побив свою підлеглу?! А учні три місяці без харчування,ITV media group,https://www.youtube.com/watch?v=y2NjIKcJR_A,Цього разу у програмі «НОВИНИ.ПІДСУМКИ» ми розкажемо       - як на Рівненщині чоловіка витягли з будинку та повезли ...
тцк,2025-11-16T16:27:20Z,Самвел Адамян/🎭ДНЕПРОВСКИЙ «ФУРОР» САМВЕЛА! ГАСТРОЛИ В КИЕВЕ! ТЦК ЗАБИРАЮТ РАБОТНИКОВ ТЕАТРА!,Tasty with OK,https://www.youtube.com/watch?v=7ZwtpsLqyIg,Самвел Адамян / ДНЕПРОВСКИЙ «ФУРОР» САМВЕЛА! ГАСТРОЛИ В КИЕВЕ! ТЦК ЗАБИРАЮТ РАБОТНИКОВ ТЕАТРА!
тцк,2025-11-16T15:15:42Z,НОВЫЙ МАЙДАН И О ЧЕМ ГОВОРИТ КОЛОМОЙСКИЙ...НЕ ПРО ТЦК.,Алексей Сидоров мнение.,https://www.youtube.com/watch?v=zlgRRvkLWWk,НОВЫЙ МАЙДАН И О ЧЕМ ГОВОРИТ КОЛОМОЙСКИЙ...
тцк,2025-11-16T15:05:26Z,ВПО и ТЦК,Адвокат Олег Лукьянчиков,https://www.youtube.com/watch?v=zyCUiWMa5Ac,ВПО и ТЦК. ☎️0️⃣6️⃣6️⃣5️⃣5️⃣5️⃣1️⃣0️⃣2️⃣0️⃣   консультация адвоката. #лукьянчиков ...
тцк,2025-11-16T15:05:27Z,ТЦК: закон или желание начальника? ☎️0️⃣6️⃣6️⃣5️⃣5️⃣5️⃣1️⃣0️⃣2️⃣0️⃣👈 консультация адвоката,Адвокат Олег Лукьянчиков,https://www.youtube.com/watch?v=FauZrxYhFTU,ТЦК: закон или желание начальника? ☎️0️⃣6️⃣6️⃣5️⃣5️⃣5️⃣1️⃣0️⃣2️⃣0️⃣   консультация адвоката.
тцк,2025-11-16T15:05:27Z,Штраф ТЦК: обжаловать бесплатно,Адвокат Олег Лукьянчиков,https://www.youtube.com/watch?v=y6HvJpF0ul8,Штраф ТЦК: обжаловать бесплатно. ☎️0️⃣6️⃣6️⃣5️⃣5️⃣5️⃣1️⃣0️⃣2️⃣0️⃣   консультация адвоката.
тцк,2025-11-16T15:00:06Z,ЩО НЕ ТАК З МОБІЛІЗАЦІЄЮ? (чесний розбір),Миколай Олексійович,https://www.youtube.com/watch?v=G0W4lU4MrRY,"ЩО НЕ ТАК З МОБІЛІЗАЦІЄЮ? (чесний розбір) У цьому відео торкнемося важкої теми примусової мобілізації, зокрема ..."
тцк,2025-11-16T14:54:07Z,#тцк #новини,Посилання на повне відео в описі профілю,https://www.youtube.com/watch?v=LooNLeqn4Pw,
тцк,2025-11-16T14:37:18Z,#2022 #госпиталь#ранение#Буча#рассказ о тцк,Иван,https://www.youtube.com/watch?v=sjq-vQ7ZX20,
тцк,2025-11-16T14:00:15Z,❌ТЦК з УБД: Я Там Був і Тобі Потрібно На Фронт!,Пильний Дніпрянин,https://www.youtube.com/watch?v=BfNafNsvj9I,Існування в кармані посвідчення бойових дій НЕ є підставою порушувати Закон! ❌ТЦК з УБД: Я Там Був і Тобі Потрібно На ...
тцк,2025-11-16T13:24:08Z,"Як діяти при зустрічі з ТЦК:  рекомендації, поведінка, біг і підготовка ❗",Volya-Freedom ,https://www.youtube.com/watch?v=ot4ZkRg_4Vo,Друзі хто хоче підтримати мене і мій канал у цей важкий час - буду дуже вдячний всім !!!   Підтримка тут: ...
тцк,2025-11-16T13:00:57Z,🚨ТЦК🤝ПОЛІЦІЯ: Схема проста 👉 Звинуватили Затримали Відправили❗,Пильний Дніпрянин,https://www.youtube.com/watch?v=Wr26jqVHPKs,PoliceofDnipro ТЦК  ПОЛІЦІЯ: Схема проста Звинуватили Затримали Відправили❗ ...
тцк,2025-11-16T13:01:23Z,"‼️Казаров: Звертаюсь до ТЦК. Припиніть красти людей. Після виборів сядуть всі, хто порушив закон",Президент КАЗАРОВ,https://www.youtube.com/watch?v=mnmFB-_Eiu0,"Максим Казаров - політик, журналіст, медіаексперт Лідер суспільно-політичного руху ""Велична Україна"" Співпраця, ..."
тцк,2025-11-16T12:45:27Z,Статьи за остановку трамвая тцк,Статус Людина | Статус Человек,https://www.youtube.com/watch?v=tgaSVvN5vww,
тцк,2025-11-16T11:56:56Z,Штраф ТЦК и розыск в Резерв!!! Как убрать?,Адвокат Вера Тарасенко,https://www.youtube.com/watch?v=r_XqScQPjGY,"Если в Резерв+ Вы в розыске и у Вас есть штраф ТЦК, то эту запись нужно убирать. Потому что с такой информацией Вы ..."
тцк,2025-11-16T11:16:29Z,Самвел Адамян/ТЦК ЗАБРАЛО 3 ЧЕЛОВЕКА ИЗ ТЕАТРА !Меняется состав! С гастролями в Киев!Ожидайте фурор!,ВСЕ ПРО С@МВЕЛ@ АД@МЯН@.  ,https://www.youtube.com/watch?v=dEfCZpIwdOs,Тик ток эфир Самвел Адамян/с гастролями в Киев! 16.11.25#самвеладамян#самвелновоевидео#самвелтикток#колятикток.
тцк,2025-11-16T10:51:08Z,"Єновина! Безчинства в ТЦК, а Зеленський піариться? #блог #влада #політика",Блог Разумовського,https://www.youtube.com/watch?v=Ok8k2koTQW0,
тцк,2025-11-16T10:50:02Z,У ТЦК відверто ПРОКОМЕНТУВАЛИ скандали пов’язані із ЇХНЬОЮ роботою! Які МІФИ розвінчали,Подробиці,https://www.youtube.com/watch?v=ysDJ1pI6mwU,"Менше людей, які хочуть підписати контракт саме через ТЦК і більше тих, хто навіть боїться зайти всередину. Проте в ТЦК ..."
тцк,2025-11-16T10:36:07Z,#тцк #новини,Посилання на повне відео в описі профілю,https://www.youtube.com/watch?v=3OrLP7ou7jQ,
тцк,2025-11-16T10:22:27Z,Последний Спектакль Купили Все Билеты ТЦК Ловят Актеров Коля Едет Мытся,Твои Любимые Страсти,https://www.youtube.com/watch?v=34ElAFK2yPA,
тцк,2025-11-16T10:01:13Z,ЧИ МОЖУТЬ ТЦК І ПОЛІЦІЯ ЗАТРИМАТИ МЕНЕ?!,Legal Land,https://www.youtube.com/watch?v=k_9bLc_yh8k,"тцк, поліція, незаконне затримання, право на зйомку, розшук ухилянтів, незаконна мобілізація 1 факт = 1 норма: Ст.35 ..."
тцк,2025-11-16T09:45:19Z,ТЦК забрали всіх чоловіків із села. #тцк #політикаукраїни #юмор,POLUPRAVDA ,https://www.youtube.com/watch?v=d1cZqKPO7nQ,
тцк,2025-11-16T08:59:42Z,ГДЕ! ЛУЧШЕ  СПРЯТАТЬСЯ от ТЦК,Skorpion,https://www.youtube.com/watch?v=4PC0RW-A9D0,"Тут я попробую россказать,где лучше спрятатьса от тцк ,И почему мужчины в украине винуждени ховатьса, здесь мы ..."
тцк,2025-11-16T08:58:34Z,Чи повинні ТЦК воювати? Якщо так то переходьте за посиланням в описі!#мобілізація #петиція #новини,Insider.UA24,https://www.youtube.com/watch?v=_qOB5DW__8c,
тцк,2025-11-16T07:30:03Z,КАТАСТРОФА ЗЕЛЕНСКОГО // ДАЖЕ ТЦК ПРОТИВ ВЛАСТИ // УЖАСНАЯ ЗИМА ДЛЯ УКРАИНЦЕВ,Европа для украинцев,https://www.youtube.com/watch?v=5T1Glg0z2bM,"Мой второй канал про науку, плоскую Землю и американцев на Луне ..."
тцк,2025-11-16T06:36:39Z,Як знятися з розшуку варіанти та поради  #lnk,ЮРКОНСАЛТ - Адвокат Києв | Запоріжжя,https://www.youtube.com/watch?v=hKs4yuT9uAY,Як знятися з розшуку: варіанти та поради Шукаєш як зняти розшук? Дізнайся про варіанти про уникнення штрафів та ...
тцк,2025-11-16T06:30:27Z,ШТУРМ ОДЕССЫ! ПРИКАЗ ВЗЯТЬ ОДЕССУ! ТЦК РАЗНОСЯТ ВСЕ! ЧТО С ОДЕССОЙ!?!,NEMO,https://www.youtube.com/watch?v=LtyRDyfKXQs,
тцк,2025-11-16T06:25:00Z,ТЦК БОЇТЬСЯ КАМЕРИ ТА ПРЯМИХ ЗАПИТАНЬ!!!,НОВИНИ УКРАЇНИ ТА СВІТУ ,https://www.youtube.com/watch?v=sn2JhxOdw1I,
тцк,2025-11-16T04:38:06Z,«Ничего необычного». Слова ТЦК про смерть мобилизованного,Свідки бусифікації,https://www.youtube.com/watch?v=eFI_lBy3WKw,
тцк,2025-11-15T19:08:45Z,"Як в Україні заробити перший міліон під час війни #тцк #політикаукраїни #, юмор",POLUPRAVDA ,https://www.youtube.com/watch?v=olPDlgjxO5s,
тцк,2025-11-15T19:05:00Z,Веном проти ТЦК: “Я волонтер.”,AI Industry,https://www.youtube.com/watch?v=KK0QcxGCtNs,"Веном проти ТЦК: “Я волонтер.” Фотореалістична сценка: один тцкашник падає від страху, другий завмирає, а Веном ..."
тцк,2025-11-15T19:00:06Z,Як Анджеліна ДЖОЛІ опинилася у ТЦК,Історичний канал,https://www.youtube.com/watch?v=IvGs8ERjK2s,"Анжеліна Джолі приїхала до Херсона, щоб підтримати українців — і потрапила в скандал, який поставив країну у незручне ..."
тцк,2025-11-15T18:28:08Z,Як сховатись від ТЦК!?,Василь Олійник,https://www.youtube.com/watch?v=oB8LRPbKKw0,
тцк,2025-11-15T15:40:45Z,БЕСПРЕДЕЛ ТЦК В ДНЕПРЕ !!! МИР ДО  НОВОГО ГОДА !!!,Алексей Сидоров мнение.,https://www.youtube.com/watch?v=5Ha2LvOxoSQ,БЕСПРЕДЕЛ ТЦК В ДНЕПРЕ !!! МИР ДО НОВОГО ГОДА !!!
тцк,2025-11-15T15:18:00Z,"ВІЙСЬКОВОЗОБОВЯЗАНІ, ЯК ВИ ВИЖИВАЄТЕ? | Частина 1 #бусифікація #тцк #військовийоблік", ГУСЬ ПАТРОН 🇺🇦,https://www.youtube.com/watch?v=XJTzj-EqxvQ,"бусифікація #тцк #військовийоблік ВІЙСЬКОВОЗОБОВЯЗАНІ, ЯК ВИ ВИЖИВАЄТЕ? Частина 1 Частина 2: ..."
тцк,2025-11-15T15:01:18Z,💥СВАВІЛЛЯ! ТЦК+ПОЛІЦІЯ 🚷 ЛІЗУТЬ У ПРИВАТНИЙ ГАРАЖ❗Мобілізація в Україні,Пильний Дніпрянин,https://www.youtube.com/watch?v=d-lCkrLE2as,СВАВІЛЛЯ! ТЦК+ПОЛІЦІЯ ЛІЗУТЬ У ПРИВАТНИЙ ГАРАЖ❗Мобілізація в Україні https://youtu.be/d-lCkrLE2as ...
тцк,2025-11-15T14:33:03Z,"Єновина!ТЦК забрали чоловіка , а собаку кинули? #влада #політика #інформація",Блог Разумовського,https://www.youtube.com/watch?v=CoaemokQfUM,
тцк,2025-11-15T14:12:45Z,Буряты с автоматом залезли в дом !!! |Массовый беспредел ТЦК !!!,Arthur [FreeMan],https://www.youtube.com/watch?v=CIfq0p1vR3w,тцк #войнавукраине #мобилизация #армия #зсу #военные Крипта : BTC-15eQcvpuaspuZwUZ1dZn8CCep2kV1WDEVP USDT ...
побег через границу Украина,2025-11-15T13:45:03Z,"💥НА ГРАНИЦЕ ОТСТРЕЛ! Страна СТРАХА, ЛЖИ и ДОНОСОВ! Макс Рудада: людей ЗАПУГАЛИ! Нож ТЦК. Раны Одессы",Александр ШЕЛЕСТ,https://www.youtube.com/watch?v=AggnHEYNNSk,ПОДПИШИТЕСЬ НА МОЙ ТЕЛЕГРАМ: https://t.me/shelestlive 🎙️ Интервью с @MaxRydadaa Телеграм-канал Макса: ...
тцк,2025-11-15T13:17:41Z,БЕСПРЕДЕЛ ТЦК🔥ДНЕПР ВЗРЫВЫ🔥ВСЕ НА ВОЙНУ🔥,dmpro,https://www.youtube.com/watch?v=oGOwu0YuUbc,ВСЕМ ДОБРЫЙ ВЕЧЕР ХОРОШЕГО ВЕЧЕРА И НАСТРОЕНИЯ СПАСИБО ЗА ПОМОЩЬ КАРТА : 4400 0055 5351 ...
тцк,2025-11-15T13:00:38Z,"ТЦК переходить в наступ, потужні заяви лідерів та інші новини",vibroplus,https://www.youtube.com/watch?v=R1o_A5DLuNw,"5351 1606 0041 6875 - підтримати автора донатом та його місії, всі стріми проводяться в Тік ток ..."
тцк,2025-11-15T12:13:30Z,Пастка ЦНАП у ТЦК #цнап #тцк #мобілізація #відстрочка #адвокатнеклеса #неклеса,Адвокат Неклеса,https://www.youtube.com/watch?v=zHgimQHOiT8,
тцк,2025-11-15T12:00:39Z,🤷🏼Дружина Начальника ТЦК БЕРЕ УЧАСТЬ У МОБІЛІЗАЦІЇ❗РЕПОСТ,Пильний Дніпрянин,https://www.youtube.com/watch?v=IBdBhzrALBk,PoliceofDnipro Дружина Начальника ТЦК БЕРЕ УЧАСТЬ У МОБІЛІЗАЦІЇ❗РЕПОСТ ...
тцк,2025-11-16T10:27:32Z,“Це війна. І кожен має це усвідомити.”,Волинський ОТЦК та СП,https://www.youtube.com/watch?v=lAKfYp34fJI,"У короткому зверненні Олексій Сударєв, старший інспектор відділення рекрутингу та комплектування, ділиться особистою ..."
тцк,2025-11-16T10:12:00Z,"«ТЦК не підходять з метою, щоб на них накричали». З чого починаються конфлікти?",Зміст,https://www.youtube.com/watch?v=Y0j1DZdVCWk,
тцк,2025-11-16T09:05:22Z,KrokZvidty #гумор#тцк #україна,KrokZvidty,https://www.youtube.com/watch?v=TDULo7VNmsU,гумор #тцк #україна #втеча #повістка #пес.
тцк,2025-11-16T09:02:04Z,"ПОКРОВСЬК,  СЛАВА ЗАХИСНИКАМ! #зсу #новини #війна #тсн #тцк",НОВИННИЙ РАДАР. НОВИНИ УКРАЇНИ ТА СВІТУ,https://www.youtube.com/watch?v=JawXifRj7R4,БІЛЬШЕ ІНФОРМАЦІЇ В НАШОМУ ТЕЛЕГРАМ-КАНАЛІ. ПІДТРИМАЙТЕ ПІДПИСКОЮ!
тцк,2025-11-16T08:59:12Z,Херсон при украинской власти #зсу #україна #херсон #сво #тцк,Свободное мнение,https://www.youtube.com/watch?v=Z2HxS0IT8b8,
тцк,2025-11-16T08:52:38Z,воюємо далі? #украина #рекомендации #война #тцк #политика #зеленский #зсу #полиция #новости #тцктасп,Узаконенный абсурд ,https://www.youtube.com/watch?v=NVc0vC61DFI,
тцк,2025-11-16T08:30:08Z,"Переплыть Тису, убегая от ТЦК. Везение Макса Рудады",Юлия Кремлёва,https://www.youtube.com/watch?v=EwQ5owfK7ZE,Поддержать/спонсировать мой канал: сбер 2202 2084 1960 2959 / PayPal gmjus19@gmail.com / Ю-money ...
тцк,2025-11-16T08:27:48Z,#сказки городских джунглей #харьков в ролях: #тцк #полиция #ухилянти,egoisT,https://www.youtube.com/watch?v=-tp9-GNE_so,
тцк,2025-11-16T07:30:59Z,Я не стати мобілізованим через ТЦК,В гостях у Єгеря!,https://www.youtube.com/watch?v=xs8RzSMEyfc,Закрита спільнота Unfair Advantage: https://www.patreon.com/unfairadvantage777 Консультації та знижки в Прапорщику: ...
тцк,2025-11-16T07:29:09Z,Перевищення повноважень. Конфронтація ТЦК і людей,В гостях у Єгеря!,https://www.youtube.com/watch?v=n-heH4Fko2E,Закрита спільнота Unfair Advantage: https://www.patreon.com/unfairadvantage777 Консультації та знижки в Прапорщику: ...
тцк,2025-11-16T07:28:22Z,Як законно протидіяти ТЦК,В гостях у Єгеря!,https://www.youtube.com/watch?v=14oCmnW_GBE,Закрита спільнота Unfair Advantage: https://www.patreon.com/unfairadvantage777 Консультації та знижки в Прапорщику: ...
тцк,2025-11-16T07:00:48Z,И там и тут нет спокойствия. Владимир Белошенко 42 омбр. #війна #тцк #життя #зсу #ухилянти #война,ФРОНТСТОРИЗ,https://www.youtube.com/watch?v=xAY9d714brU,
тцк,2025-11-16T06:48:32Z,#онлайн #роботавдома #заробітоквінтернеті #бізнесукраїна #війнавукраїні2025 #славазсу #біженці #тцк,Контент Хата Сергія Іванчука,https://www.youtube.com/watch?v=BA7W3Hgryr0,
тцк,2025-11-16T06:42:20Z,#роботаонлайн #заробітоконлайн #навчанняонлайн #бізнес #фріланс #безпека #заробіток #українці #тцк,Іванчук Сергій,https://www.youtube.com/watch?v=DRfTV3a84DA,
тцк,2025-11-16T02:48:10Z,4 вищих освіти vs  3 класи  Хто керує ТЦК,Олександр Красовіцький юрист ,https://www.youtube.com/watch?v=jo7ugpQC9So,"Станьте спонсором канала, и вы получите доступ к эксклюзивным бонусам. Подробнее: ..."
тцк,2025-11-16T02:46:19Z,Шокуюча правда про мобілізацію  як ТЦК підриває віру у перемогу,Олександр Красовіцький юрист ,https://www.youtube.com/watch?v=5jpTr3YCE_0,"Станьте спонсором канала, и вы получите доступ к эксклюзивным бонусам. Подробнее: ..."
тцк,2025-11-16T01:49:19Z,ТЦК: Вдалий день.,AI Industry,https://www.youtube.com/watch?v=cASZyQbjDxE,"ТЦК: Вдалий день. Двоє тцкашників сидять у машині... Абсурд, сатира і фотореалізм. Created by AI_Industry. Powered by AI."
тцк,2025-11-15T21:08:41Z,#тцк #новини,Посилання на повне відео в описі профілю,https://www.youtube.com/watch?v=EQDJRFctbPw,
тцк,2025-11-15T21:07:49Z,#тцк #новини,Посилання на повне відео в описі профілю,https://www.youtube.com/watch?v=fJvvGl-sF1Q,
тцк,2025-11-15T19:36:51Z,❗️ТЦК ПЕРЕДАЄ ШТРАФ У ВИКОНАВЧУ? ЦЕ НЕЗАКОННО!❗️,ПРАВОВА ПОЗИЦІЯ ,https://www.youtube.com/watch?v=-wCBlTPgbtI,Записатись на безкоштовну консультацію і отримати відповідь на Ваше питання можна за інформацією нижче: ...
тцк,2025-11-15T19:21:25Z,KrokZvidty #гумор#тцк #україна,KrokZvidty,https://www.youtube.com/watch?v=hztS0QZmpfQ,гумор #тцк #україна #втеча #пес #кіт.
тцк,2025-11-15T19:10:03Z,2 Часть похищение в ТЦК бусик Majestic RP,Lonelyy?🤡,https://www.youtube.com/watch?v=j9X_x-79xOQ,
тцк,2025-11-15T19:00:10Z,ПОЛІЦІЯ І ТЦК ЗУПИНИЛИ МЕНЕ! ЩО РОБИТИ?!,Legal Land,https://www.youtube.com/watch?v=41BPthJX8pk,"тцк, поліція, перевірка документів, право на зйомку, військово-облікові документи, незаконне затримання ❗️ Якщо поліція ..."
тцк,2025-11-15T18:01:10Z,ТЦК: судний день #shorts  #funny #ржакадосліз #гумор,Сміхундель,https://www.youtube.com/watch?v=ymP1ZcuVnyA,"Війна закінчилася... але не для всіх! Як виглядає ""пожиттєва волонтерська робота""? Дивіться нову пародію від ..."
тцк,2025-11-15T17:29:37Z,Кожні 2 хвилини #сзч #україна #мобілізація #тцк,Юрист-Одеса / Максим Тимурович,https://www.youtube.com/watch?v=RDlNRKRyoMQ,
тцк,2025-11-15T17:06:32Z,Пробув “поза терміном” за кордоном= кримінал - за ґрати! 😮#виїздзакордон #мобілізація #тцк,"Наказ - адвокат, податки, міграційне",https://www.youtube.com/watch?v=aUEqVlnLxV8,
тцк,2025-11-15T17:00:34Z,МЕНЕ ЗУПИНИЛИ ПОЛІЦІЯ І ТЦК: ЩО РОБИТИ?!,Legal Land,https://www.youtube.com/watch?v=I_w7y3GhKp4,"тцк, поліція, незаконне затримання, право на зйомку, розшук ухилянтів, незаконна мобілізація ❗️ Якщо поліція з ТЦК ..."
тцк,2025-11-15T16:06:17Z,не ведіться на справу міндича! #украина #корупция #корупція_інфо #зеленский #тцк #политика #война,Узаконенный абсурд ,https://www.youtube.com/watch?v=lBFKVkloyEA,
тцк,2025-11-15T16:00:20Z,Мене зупинили поліція і ТЦК: Що тут взагалі відбувається?!,Legal Land,https://www.youtube.com/watch?v=7bgH1hJUd9Q,"тцк, поліція, незаконне затримання, право на зйомку, розшук ухилянтів, незаконна мобілізація 1 факт = 1 норма: Ст. 35 п.3 ..."
тцк,2025-11-15T15:54:18Z,Нарезка Cebyb3k - Арест ТЦК №3,Хефорде (Хед),https://www.youtube.com/watch?v=VzDcYBD2_e8,"По пути в ТЦК Cebyb3k прыгает с моста, падает на нижнюю трассу и уезжает на угнанной инвалидной коляске. Макар ..."
тцк,2025-11-15T15:51:55Z,Нарезка Cebyb3k - Арест ТЦК №2,Хефорде (Хед),https://www.youtube.com/watch?v=CnZqsrQsZRE,"Макар поднимает вертолёт, находит Cebyb3k, делает точечный обстрел и десантируется прямо на него. Побег окончен ..."
тцк,2025-11-15T15:49:56Z,Нарезка Cebyb3k - Арест ТЦК №1,Хефорде (Хед),https://www.youtube.com/watch?v=ym5dhPfVg2U,"Cebyb3k заходит в бар пожаловаться на жизнь, но туда же приходит представитель ТЦК. Макар мобилизует его прямо на ..."
тцк,2025-11-15T15:14:13Z,Як виграють ТЕНДЕРИ😂#shorts #гумор #вірусне #тцк #україна #ржакадосліз #рекомендації #shortvideo,LOLShort,https://www.youtube.com/watch?v=5nqbHRLcjeU,Депутат дав відповідь журналістці як насправді виграють тендери   #shorts #гумор #вірусне #тцк #україна #ржакадосліз ...
тцк,2025-11-15T14:08:01Z,#тцк #новини,Посилання на повне відео в описі профілю,https://www.youtube.com/watch?v=H0L4FEdPfhk,
тцк,2025-11-15T14:07:31Z,#тцк #новини,Посилання на повне відео в описі профілю,https://www.youtube.com/watch?v=_qh4pRuzbxM,
тцк,2025-11-15T14:01:46Z,Підпишись! Щоб зупинити ТЦК! #тцк #корупція #корупціявукраїні #новини #війна #україна #мобілізація,Ухилянт Жора ,https://www.youtube.com/watch?v=xlBx-1tYttE,
тцк,2025-11-15T13:47:55Z,"ТЦК на обіді, бо голодні",AI Industry,https://www.youtube.com/watch?v=t0fbvaxmtmo,"Тцкашники сидять у бусі, заповненому борщем, і кричать пацану «я забороняю мене знімати!», поки з машини ллється ..."
тцк,2025-11-15T13:03:09Z,#animation #зеленский #marvel #міндіч #pokemon #тцк #мобілізація,Nepojaluista,https://www.youtube.com/watch?v=-EsFIJnoxBs,
тцк,2025-11-15T13:00:29Z,Вражаюча рятувальна операція: дружина зупинила викрадення чоловіка!,Legal Land,https://www.youtube.com/watch?v=FAysxx-Buwc,"тцк, поліція, незаконне затримання, право на зйомку, розшук ухилянтів, незаконна мобілізація ❗️ Якщо ТЦК намагаються ..."
тцк,2025-11-15T13:00:30Z,⚡Івано-Франківськ ТЦК • ОБЕРЕЖНО ПІДСТАВА❗ #Shorts,Пильний Дніпрянин,https://www.youtube.com/watch?v=ALfzDWln6yI,PoliceofDnipro ⚡Івано-Франківськ ТЦК • ОБЕРЕЖНО ПІДСТАВА❗ #Shorts ...
тцк,2025-11-15T12:18:08Z,Сам побился #зсу #сво #ukraine #україна #тцк,Свободное мнение,https://www.youtube.com/watch?v=5D9hdI6U5ko,
тцк,2025-11-15T11:53:27Z,Тцк🤣🤣#тцк #прикол,Rt news,https://www.youtube.com/watch?v=VculhkxP8AA,
тцк,2025-11-15T11:48:47Z,#тцк #жиза #украина,video_нарезки,https://www.youtube.com/watch?v=wjXDt7RaMjg,
тцк,2025-11-15T11:48:07Z,Арест ТЦК! - Приключения Cebyb3k #1,Хефорде (Хед),https://www.youtube.com/watch?v=O-zTP47w4ZE,"Оставлять комментарии могут только подписчики! Cebyb3k заходит в бар, чтобы пожаловаться на жизнь, но отдых ..."
тцк,2025-11-15T11:31:21Z,Скандал в Україні! ТЦК жорстко посилить мобілізацію! Люди залишаться без вибору!,Денис Галандзовський,https://www.youtube.com/watch?v=JArcH5XcEHM,"Більше деталей про проект ""Заблукала на будові"" дивись тут: https://rebrand.ly/unabudovi ---------------------------- Безкоштовні ..."
тцк,2025-11-15T11:01:17Z,Підпишись! Щоб зупинити ТЦК! #тцк #корупція #корупціявукраїні #новини #війна #україна #мобілізація,КОРУПЦІЯ,https://www.youtube.com/watch?v=c4lk8DvGqhs,
тцк,2025-11-15T10:36:59Z,Что будет дальше с ТЦК???,Tetya_Fanya,https://www.youtube.com/watch?v=dBW5B_SbskE,Спасибо нашим спонсорам за поддержку канала!
тцк,2025-11-15T10:28:00Z,Обленерго каждый вечер. #рекомендации #украина #война #политика #зсу #новости #енергетика #киев #тцк,Узаконенный абсурд ,https://www.youtube.com/watch?v=4e9sRzbr-Yo,
тцк,2025-11-15T10:16:14Z,Як везуть машини депутатам і як на фронт.#тцк #мобілізація #юмор,POLUPRAVDA ,https://www.youtube.com/watch?v=FDDl3XLZNrM,
тцк,2025-11-15T09:53:19Z,Як правильно спілкуватись із тцк! Тцкашники! Мобілізація! #тцк #мобілізація#viral #fyp #fypシ゚viral,Нестор Махно,https://www.youtube.com/watch?v=BXo-RNO56VE,
тцк,2025-11-15T09:53:55Z,Фейкові відео про затримання працівниками ТЦК #війна #україна #military #славазсу,Зміст,https://www.youtube.com/watch?v=ip5ijv9CC8I,
тцк,2025-11-15T09:36:13Z,#тцк #новини,Посилання на повне відео в описі профілю,https://www.youtube.com/watch?v=Kd3VO8-CEYQ,
тцк,2025-11-15T09:35:32Z,#тцк #новини,Посилання на повне відео в описі профілю,https://www.youtube.com/watch?v=q1i6Dp9v4hw,
тцк,2025-11-15T09:26:22Z,На Богоявленській ТЦК затримували чоловіка,Рівне Вечірнє,https://www.youtube.com/watch?v=xcC7EhFXUQ4,Ви можете знайти нас у Facebook https://www.facebook.com/RivneVecirne Twitter https://twitter.com/rivnepost Instagram ...
тцк,2025-11-15T09:12:46Z,Оскарження штрафу ТЦК адвокатом #консультаціяадвоката #актуально #тцк #штрафи #news #київ,Адвокат Євген Лошаков,https://www.youtube.com/watch?v=T6jiI38z80g,
тцк,2025-11-15T09:00:10Z,Бодікамери ТЦК: які результати?,Адвокат Роман Сімутін,https://www.youtube.com/watch?v=6L6uqvJmokI,"Якщо послухати як Міноборони коментувало запровадження обов'язкової відеофіксації, то на очах навертаються сльози."
тцк,2025-11-15T08:58:54Z,ПОЧЕМУ ХОВАТЬСЯ от ТЦК! Становится Сложней!,Skorpion,https://www.youtube.com/watch?v=3QG1wHQltRI,"Тут я попробую россказать,почему ховаться от тцк, становится сложней в украине,Почему ето так мы попробуем ..."
тцк,2025-11-15T08:54:58Z,KrokZvidty #гумор#тцк,KrokZvidty,https://www.youtube.com/watch?v=51LkhDS-f-s,гумор #тцк #україна #втеча #собака #повістка.
тцк,2025-11-15T08:00:36Z,Підпишись! Щоб зупинити ТЦК! #тцк #корупція #корупціявукраїні #новини #війна #україна #мобілізація,Ухилянт Жора ,https://www.youtube.com/watch?v=Q6SH1DTUNRw,
тцк,2025-11-15T08:00:54Z,"ПОКРОВСЬК, МІСТА УЖЕ НЕМАЄ #зсу #новини #мобілізація #тсн #тцк",НОВИННИЙ РАДАР. НОВИНИ УКРАЇНИ ТА СВІТУ,https://www.youtube.com/watch?v=xxsiMY1rIL0,БІЛЬШЕ ІНФОРМАЦІЇ В НАШОМУ ТЕЛЕГРАМ-КАНАЛІ. ПІДТРИМАЙТЕ ПІДПИСКОЮ!
тцк,2025-11-15T07:56:15Z,ТЦК. Війна. Україна,Mazur Vox | Чатрулетка,https://www.youtube.com/watch?v=dvzr_uvR910,
тцк,2025-11-15T07:49:01Z,Как обычно обманули. Станислав Ткаченко 32 омбр. #війна #тцк #життя #україна #зсу #ухилянти #война,ФРОНТСТОРИЗ,https://www.youtube.com/watch?v=GxGIOCdSiy0,
тцк,2025-11-15T07:26:52Z,Життя та здоров&#39;я як найвища соціальна цінність.#Конституція #ПраваЛюдини #ВерховнийСуд #ТЦК,JustTolik,https://www.youtube.com/watch?v=FKmUar3A61o,"Життя вище Повістки! Позиція Верховного Суду. Неявка за повісткою (ТЦК, суд) під час повітряної тривоги – поважна ..."
тцк,2025-11-15T07:00:48Z,💥ТЦК МАРОДЕРИ • ЛАЗЯТЬ ПО ЧУЖИМ МАШИНАМ 🤯 #Shorts,Пильний Дніпрянин,https://www.youtube.com/watch?v=mMhuRCqjiMc,"Типові представники влади! ТЦК вирішили перевірити особисті речі водія, який втік від них та залишив своє авто!"
тцк,2025-11-15T07:00:06Z,Суд тричі вимагав інформацію від ТЦК - наслідки,адвокат Макеєв,https://www.youtube.com/watch?v=Ao6t_5OFOQI,Суд тричі (!!!) витребовував у ТЦК будб-яку інформацію щодо підстав ОГОЛОШЕННЯ У РОЗШУК чоловіка! На підставі ч.9 ...
тцк,2025-11-15T07:00:49Z,Луцьк. Мобілізація у всій красі. 😱 #україна #новини #війна #мобілізація #тцк #новиниукраїни,ALL ,https://www.youtube.com/watch?v=pUVSwNKJRXs,
тцк,2025-11-15T07:00:06Z,Як позбутися розшуку ТЦК? Єдиний законний спосіб,Адвокат Ірина Приліпко,https://www.youtube.com/watch?v=6C4oWU2jBmg,Онлайн запис на консультацію https://law-office-of-iryna-prylipko.easyweek.com.ua Телефон для отримання послуг +38 068 ...
тцк,2025-11-15T06:57:14Z,Поезія! #вірші #поезія #азов #полонені #війна #україна #свобода #тцк #незалежність #воля #рек #життя,ALINKA-UKRAYINKA,https://www.youtube.com/watch?v=betLfcYKqwI,
тцк,2025-11-15T06:36:57Z,Повісток ТЦК буде  більше. #lnk,ЮРКОНСАЛТ - Адвокат Києв | Запоріжжя,https://www.youtube.com/watch?v=-1w0OfvYoAI,"Повісток ТЦК буде більше. Печать та розсилка повісток ТЦК в Україні може прискоритися. Кабмін прийняв постанову, яка ..."
тцк,2025-11-15T06:35:02Z,В ЛУЦКЕ ТЦК ПОХИТИЛО ЖЕНЩИНУ И МУЖЧИНУ,POLITYK UA,https://www.youtube.com/watch?v=HP6z_1P0tJs,
тцк,2025-11-15T06:28:01Z,В ОДЕССЕ НАЧАЛСЯ АД! ВЗОРВАЛИ РЫНОК! ТЦК ОЗВЕРЕЛИ! БУСИКАМ КОНЕЦ! ВЗРЫВ НА РЫНКЕ В ЧЕРНОМОРСКЕ!,NEMO,https://www.youtube.com/watch?v=vJ_ZylBAhNk,
тцк,2025-11-15T06:21:01Z,"Дожились, Украина 2025 #военные или #тцк",Free Man,https://www.youtube.com/watch?v=qqs-xkRDlFM,
тцк,2025-11-15T06:15:07Z,Жесть робота тцк #війнавукраїні #мобилизация,Rt news,https://www.youtube.com/watch?v=OzPJ7lfot4g,
тцк,2025-11-15T06:15:08Z,"МОЛОДИЙ ХЛОПЕЦЬ ЗАДАВ НЕ ЗРУЧНІ ПИТАННЯ ПРАЦІВНИКАМ ТЦК, ЗА ЩО ТІ ПОЧАЛИ ЙОМУ ПОГРОЖУВАТИ",НОВИНИ УКРАЇНИ ТА СВІТУ ,https://www.youtube.com/watch?v=xR0jqDKsbCg,
тцк,2025-11-15T06:12:34Z,ТЦК варять борщ на виїзді,AI Industry,https://www.youtube.com/watch?v=Vi9CCrDDhtA,"ТЦК варять борщ на виїзді Тцкашники сидять у бусі, заповненому борщем, і кричать пацану «я забороняю мене знімати!"
тцк,2025-11-15T06:06:06Z,ТЦК на обідній перерві,AI Industry,https://www.youtube.com/watch?v=Gt_bFWF2k60,"ТЦК на обідній перерві Двоє тцкашників по груди у сметані з варениками вимагають у пацана документи, поки самі навіть ..."
тцк,2025-11-15T06:03:27Z,ТЦК hoi4,Hoi4 Top,https://www.youtube.com/watch?v=dqF1E2Z1K5s,
тцк,2025-11-15T05:00:29Z,ТЦК разом із Урядом порушують закон про звернення громадян,ЄВСЮТІН Shorts,https://www.youtube.com/watch?v=TMm4wA4nMvc,
тцк,2025-11-15T05:00:03Z,"Як протидіяти ТЦК, якщо тебе хочуть насильно мобілізувати",В гостях у Єгеря!,https://www.youtube.com/watch?v=12WforhR7VI,Закрита спільнота Unfair Advantage: https://biohack.com.ua/unfairadvantage?ref=EgermeisterYT Тебе можуть зупинити на ...
тцк,2025-11-14T23:31:17Z,#тцк #новини,Посилання на повне відео в описі профілю,https://www.youtube.com/watch?v=x-RWtoMg-Zw,
тцк,2025-11-14T23:25:27Z,#тцк #новини,Посилання на повне відео в описі профілю,https://www.youtube.com/watch?v=sX4F5U1Y3dg,
тцк,2025-11-14T21:43:00Z,#тцк #новини,Посилання на повне відео в описі профілю,https://www.youtube.com/watch?v=FwNkufKwt_8,
тцк,2025-11-14T21:43:58Z,#тцк #новини,Посилання на повне відео в описі профілю,https://www.youtube.com/watch?v=SvO5CxL0vTM,
тцк,2025-11-14T21:03:00Z,ТЦК забрало нашего актера / Самвел Адамян,Netsenzurno,https://www.youtube.com/watch?v=8302ClkHHPU,
тцк,2025-11-14T20:45:40Z,#радиорусскийhessen #slavikrh #сво #зсу #всу #украина #тцк #война,Радио Русский Hessen,https://www.youtube.com/watch?v=AHRdtII0z64,
тцк,2025-11-14T20:00:38Z,Тцк в Днепре мобилизовало сотрудника ДСНС #shorts #новости #тцк #мобилизация #украина,Новости24-Пока ты спал!,https://www.youtube.com/watch?v=3K_qIvvJ3xg,
тцк,2025-11-14T19:30:06Z,НЕВИДИМИЙ ДЛЯ ТЦК? «ПОЦІЛУВАВ» МЕДИКІВ. ПРИКОРДОННИКИ ПЕРЕПРАВЛЯЛИ УХИЛЯНТІВ,ТРК Аверс,https://www.youtube.com/watch?v=3iD4DtCLvlc,0:00 АНОНС 0:49 На війні загинув Герой із Ківерцівщини Андрій Залевський 1:18 Рожищенська громада прощалась із ...
тцк,2025-11-14T18:32:57Z,Питушары ТЦК #тцк #подпишись #война #полиция,ТУПОЙ КРЮЧОК,https://www.youtube.com/watch?v=tew_hk4fseI,
тцк,2025-11-14T18:28:36Z,#тцк #новини,Посилання на повне відео в описі профілю,https://www.youtube.com/watch?v=OEbV0LMzy6Q,
тцк,2025-11-14T18:29:00Z,#тцк #новини,Посилання на повне відео в описі профілю,https://www.youtube.com/watch?v=6NMNiBfWnbw,
тцк,2025-11-14T18:21:51Z,#тцк #новини,Посилання на повне відео в описі профілю,https://www.youtube.com/watch?v=PLJNl4G2yns,
тцк,2025-11-14T18:21:46Z,#тцк #новини,Посилання на повне відео в описі профілю,https://www.youtube.com/watch?v=8mGgenz_2yk,
тцк,2025-11-14T18:00:31Z,😱 ПРЯМО ЗАРАЗ! ТЦК ПЕРЕЙШЛО МЕЖУ! УКРАЇНЦІ В ЩОЦІ! ЦІ КАДРИ РОЗІРВАЛИ МЕРЕЖУ! ЦЕ ЖЕСТЬ!,УКРАЇНА СЬОГОДНІ,https://www.youtube.com/watch?v=GQ0Q4EZiUDE,"Шок і жах у Кременчуці та Кривому Розі! Стрілянина у ТЦК, ножові поранення військових та хабарі за відстрочку від ..."
тцк,2025-11-14T18:00:15Z,ЯКЩО НЕ ТЦК ТО БУДЕ БУРЯТ,ITV інформаційне агентство,https://www.youtube.com/watch?v=BRJ6_uMtIUA,ITVUA.
тцк,2025-11-14T17:50:30Z,#мобілізація #війнавукраїні #допомогаукраїнцям #життязакордоном #біженцізукраїни #перемога #зсу #тцк,Контент Хата Сергія Іванчука,https://www.youtube.com/watch?v=T1o3pjv1qY8,
тцк,2025-11-14T17:30:28Z,Сама запитала — сама відповіла: типова рассєянка. ТЦК нападе на мордор? | Дике Поле,Дике Поле ,https://www.youtube.com/watch?v=qG0nIwg5Gn0,Сама запитала — сама відповіла: типова рассєянка. ТЦК нападе на мордор? | Дике Поле.
тцк,2025-11-14T17:26:53Z,"Мобілізацію зірвали. Люди, ОТЯМТЕСЬ! #shorts #мобілізація #тцк #чумак",Апостроф TV,https://www.youtube.com/watch?v=dSAWIf3fz0E,"В етері: В етері: програма ""Хід Тузова"" та її ведучий журналіст Дмитро Тузов. У нього в гостях – Віктор Чумак, в.о ..."
тцк,2025-11-14T17:20:00Z,Штраф ТЦК,Адвокат Олег Лукьянчиков,https://www.youtube.com/watch?v=GXIK3U9SmFM,Штраф ТЦК. ☎️0️⃣6️⃣6️⃣5️⃣5️⃣5️⃣1️⃣0️⃣2️⃣0️⃣   консультация адвоката. #лукьянчиков ...
тцк,2025-11-14T17:00:25Z,МЕНЕ ХАПАЮТЬ ТЦК І ПОЛІЦІЯ! ЧИ ЦЕ НОВИЙ ТРЕНД?!,Legal Land,https://www.youtube.com/watch?v=ESZELlCPlG0,"тцк, поліція, незаконне затримання, право на зйомку, розшук ухилянтів, незаконна мобілізація 1 факт = 1 норма: Поліція ..."
тцк,2025-11-14T16:46:00Z,#Харків #війна #тцк #україни #люди,Богдан Мелешко .. БЕЗЗАКОННЯ - СПРАВЕДЛИВІСТЬ,https://www.youtube.com/watch?v=T9GZHLu76Ng,Керівник поліції Петропавлівки Дулінов Олександр Васильович Синельниківського району Дніпропетровської області ...
тцк,2025-11-14T16:38:17Z,#дніпром #тцк #сміх,vip_andriy_777,https://www.youtube.com/watch?v=dx1-LlcUL8I,
тцк,2025-11-14T16:08:46Z,Культ Уклонистов Подза*бал»? ВСУ vs. ТЦК: Кто Виноват в Мобилизационном Произволе? | СКАНДАЛ,Michael Woke - inside,https://www.youtube.com/watch?v=igOQHzCbpQU,"Обсудим в комментариях: Вы согласны с Федоренко, или считаете, что проблема кроется в произволе ТЦК? Напишите ..."
тцк,2025-11-14T15:42:27Z,"ПОКРОВСЬК, ВЛАДА МОВЧИТЬ #новини #мобілізація #зсу #тцк #новиниукраїни",НОВИННИЙ РАДАР. НОВИНИ УКРАЇНИ ТА СВІТУ,https://www.youtube.com/watch?v=1xY1uMfSdOQ,БІЛЬШЕ ІНФОРМАЦІЇ В НАШОМУ ТЕЛЕГРАМ-КАНАЛІ. ПІДТРИМАЙТЕ ПІДПИСКОЮ!
тцк,2025-11-14T15:24:59Z,ТЦК-шники любят ВАРЕНИКИ,Недомобилизованный Украинец,https://www.youtube.com/watch?v=uO44BgMeA8o,"Я снова не знаю, что писать под этим шедевром идиотизма ТЦК от ИИ. Но, согласитесь, же... прикольно?! Война войной, а ..."
тцк,2025-11-14T15:20:19Z,ПОРЕЗАЛИ КОЛЕСА💥 ВЫТАЩИЛИ из АВТО💥   #тцк #полиция #украина #automobile #prank #зрадник #новости,Одесский Моряк,https://www.youtube.com/watch?v=940ZFWE9nuo,Почта: odesskymoryak@gmail.com Telegram: https://t.me/OdesskyMoryak ❗❗❗ ВНИМАНИЕ ❗❗❗ Контент размещенный ...
тцк,2025-11-14T15:06:23Z,"Зниження мобілізаційного віку , ТЦК забере цих 30 000 чоловіків терміново: мобілізація, повістки ВЛК",ALL ,https://www.youtube.com/watch?v=U0acUFeANmg,
тцк,2025-11-14T15:06:59Z,ТЦК прокололи шины 🤬,Правовое Государство,https://www.youtube.com/watch?v=xfoMvJ9Qb8I,"Станьте спонсором канала, и вы получите доступ к эксклюзивным бонусам. Подробнее: ..."
тцк,2025-11-14T15:00:32Z,МЕНЕ ЗАБИРАЮТЬ ТЦК І ПОЛІЦІЯ ЩО РОБИТИ?!,Legal Land,https://www.youtube.com/watch?v=9Z9bQo6jBwI,"тцк, поліція, незаконне затримання, право на зйомку, розшук ухилянтів, незаконна мобілізація 1 факт = 1 норма: ..."
тцк,2025-11-14T15:01:19Z,Підпишись щоб не по топ а мити нові злочини ТЦК ✔️ #тцк #корупція #корупціявукраїні #новини,КОРУПЦІЯ,https://www.youtube.com/watch?v=Zz78LBzHTgE,
тцк,2025-11-14T14:48:45Z,Анна Скороход: Побиття = задовільна робота ТЦК?,Анна Скороход,https://www.youtube.com/watch?v=EBB6fFdBgYs,"Я не знаю, що саме пан Федієнко в роботі ТЦК оцінює як «задовільно». Регулярні побиття у ТЦК викрадання людей з вулиці ..."
тцк,2025-11-14T14:50:16Z,Дисс Три Дня в ТЦК (Муфаса) music,DENIS MUFAOH,https://www.youtube.com/watch?v=sioduy3roEE,
тцк,2025-11-14T14:34:19Z,"#2025. #ГЕНОЦИД ПО-УКРАИНСКИ ОТ #ТЦК #ОДЕССА | #Genocide, Ukrainian-Style, by the #Odessa  TCC.",Одесский Контроль,https://www.youtube.com/watch?v=2xUhu5Z5mfE,"""ГЕНОЦИД ПО-УКРАИНСКИ ОТ @ТЦК"": Запрос на жизнь. Как лицо с инвалидностью II группы в Одессе вынудили просить ..."
тцк,2025-11-14T14:15:49Z,ТЦК будут наказывать,Адвокат Олег Лукьянчиков,https://www.youtube.com/watch?v=JJRufhEndkU,ТЦК будут наказывать. ☎️0️⃣6️⃣6️⃣5️⃣5️⃣5️⃣1️⃣0️⃣2️⃣0️⃣   консультация адвоката. #лукьянчиков ...
тцк,2025-11-14T14:10:02Z,Як працює СИСТЕМА мобілізації ТЦК #мобілізація #тцк #відстрочка #адвокатнеклеса #неклеса,Адвокат Неклеса,https://www.youtube.com/watch?v=lsKFqf8K0UM,
тцк,2025-11-14T14:00:45Z,Одеса 🏃🏼 ВТЕЧА від ТЦК #Shorts,Пильний Дніпрянин,https://www.youtube.com/watch?v=OeU8fr66ugY,PoliceofDnipro Одеса ВТЕЧА від ТЦК #Shorts https://youtube.com/shorts/OeU8fr66ugY?feature=share #shorts #тцк ...
тцк,2025-11-14T13:50:17Z,БЕСПРЕДЕЛ ТЦК 🇺🇦 ДНЕПР ОТЛОВ ТЦК  /  КИЕВ ВЗРЫВЫ 🔥,dmpro,https://www.youtube.com/watch?v=GrSUDjvWm7Q,"ВСЕМ ПРИВЕТ ХОРОШЕГО ВЕЧЕРА, НАСТРОЕНИЯ В ПЯТНИЦУ   СПАСИБО ЗА ПОМОЩЬ КАРТА: 4400 0055 5351 ..."
тцк,2025-11-14T13:28:46Z,"ТЦК та мобілізація жінок по Безуглій, та інші потужні новини",vibroplus,https://www.youtube.com/watch?v=gVXL-QwMkEI,"5351 1606 0041 6875 - підтримати автора донатом та його місії, всі стріми проводяться в Тік ток ..."
тцк,2025-11-14T13:12:25Z,Лайфхак по мобілізації в Резерв+ #мобілізація #лайфхак #тцк #відстрочка #розшук #адвокатнеклеса,Адвокат Неклеса,https://www.youtube.com/watch?v=dZx96V3HdOI,
тцк,2025-11-14T13:11:10Z,США готовят массовую депортацию украинцев! Украина ТЦК! Вашингтон-ТЦК! Трамп Зеленский. Новости СВО.,в Одной Лодке,https://www.youtube.com/watch?v=1cPxQQHz-bQ,Telegram https://t.me/v_odnoy_lodke YouTube https://www.youtube.com/@вОднойЛодке VпK https://vk.com/club227208297 ...
тцк,2025-11-14T12:00:20Z,👮ПЕРЕВІРКА ДОКУМЕНТІВ У Києві❗ТЦК і ПОЛІЦІЯ на Вокзалі • МОБІЛІЗАЦІЯ 🇺🇦,Пильний Дніпрянин,https://www.youtube.com/watch?v=AeepAP16w7c,"КОНСТИТУЦІЯ УКРАЇНИ Стаття 62. Особа вважається невинуватою у вчиненні злочину, доки її вину не буде доведено."
тцк,2025-11-14T11:39:45Z,РУССКИЙ МЕДВЕДЬ В ТЦК!#shorts#life#path#тцк#Ukraine#Russia#топ#funny#top#world#music#youtubeshorts#,LifePath-Жизненный путь,https://www.youtube.com/watch?v=1X5Xk-Nnhmk,
тцк,2025-11-14T11:36:41Z,"ТЦК заблокировали авто выбили стекла и вытащили отца с сыном. Гни,дЫ должны ответить с детьми ",Смотрящий за крепостными ,https://www.youtube.com/watch?v=p9AietpqV6c,
тцк,2025-11-14T11:25:00Z,"Заброньованый 3,14дарас #тцк #война #могилизация",Ухилянт,https://www.youtube.com/watch?v=8d8IqJczShQ,
тцк,2025-11-14T11:20:48Z,Прямий ефыр. 13.11.2025 ннарод бунтує проти ТЦК і Поліції ?,Олександр Красовіцький юрист ,https://www.youtube.com/watch?v=xgTCNPoE0Jc,
тцк,2025-11-14T11:15:17Z,Чи передає національний супротив списки в ТЦК,Ігор Волошин,https://www.youtube.com/watch?v=ulP0n4e7WKc,Повне відео тут: https://youtu.be/K-nk21eOq48?si=eCtPYiH3p8QmewWC.
тцк,2025-11-14T11:09:45Z,#тцк #ТЦК #shotrs,SkoTiX,https://www.youtube.com/watch?v=9q5Ef-OPwNI,
тцк,2025-11-14T11:00:09Z,МЕНЕ ХАПАЮТЬ ТЦК І ПОЛІЦІЯ ЦЕ ЗАКОННО?!,Legal Land,https://www.youtube.com/watch?v=23tFKE4g5t0,"тцк, поліція, незаконне затримання, право на зйомку, розшук ухилянтів, незаконна мобілізація 1 факт = 1 норма: ..."
тцк,2025-11-14T11:00:15Z,Підпишись! Щоб зупинити ТЦК! #тцк #корупція #корупціявукраїні #новини #війна #україна #мобілізація,КОРУПЦІЯ,https://www.youtube.com/watch?v=5fZ-kS-tVNI,
тцк,2025-11-14T10:53:52Z,У справі смертельної бійки в ТЦК в суді долучали письмові докази,Суспільне Суми,https://www.youtube.com/watch?v=3xEzu164FLw,У Зарічному суді Сум почали дослідження письмових доказів у справі щодо смертельної бійки на території сумського ...
побег через границу Украина,2025-11-15T20:32:39Z,Миндич сбежал из Украины на премиум-сервисе: крупный коррупционный побег,Alex Ratinsky,https://www.youtube.com/watch?v=1EfkWPpSsFc,"В этом видео рассказываем подробности побега бизнесмена, подозреваемого в масштабной коррупционной схеме."
побег через границу Украина,2025-11-15T14:20:56Z,🚨 Скандал Миндича — Побег из Украины перед обысками НАБУ,PassingReality,https://www.youtube.com/watch?v=KkmIquWfh6c,новости #новостиСегодня #новостиОнлайн 🕵️‍♂️ Тимур Миндич покинул Украину на VIP-такси за несколько часов до ...
побег через границу Украина,2025-11-15T05:30:01Z,ПОБЕГ ЛОПНУЛ НА ГРАНИЦЕ 🇱🇹,🛑 СРОЧНО: Украина,https://www.youtube.com/watch?v=aFwOdlokxtQ,"Украинец, служивший в российской армии, пытался скрыться в Европе. Литовские правоохранители задержали его на ..."
побег через границу Украина,2025-11-12T08:00:38Z,НОВЫЙ ПОБЕГ ИЗ УКРАИНЫ ПОСЛЕ МИНДИЧА! ЗЕЛЕНСКИЙ ЗАКРЫЛ ГЛАЗА И ОТКРЫЛ ГРАНИЦУ?,112. ГЛАВНОЕ,https://www.youtube.com/watch?v=RJWWLoAH4lE,"Неужели Зеленский снова промолчит? Участникам схемы Минидича разрешают сбежать из страны, несмотря на ..."
побег через границу Украина,2025-11-11T14:10:59Z,Куда Гордон сбежал из Украины,The Critic,https://www.youtube.com/watch?v=XP4d9mMgEYY,"Куда сбежал Дмитрий Гордон из Украины? Шокирующие слухи о телеведущем ""В гостях у Гордона"" взорвали сеть в 2025 ..."
побег через границу Украина,2025-11-10T13:22:48Z,Друг Зеленского сбежал с деньгами из Украины,Денис Селезнëв,https://www.youtube.com/watch?v=R_jTcI-GCwc,"Ближайший друг и соратник Зеленского Тимур Миндич сбежал за границу. НАБУ проводит обыски у Миндича, кошелька ..."
